BookID,BookTitle,BorrowerName,DateBorrowed
62,Donec ut dolor.,Evangelia Abell,00:00.0
480,"Integer non velit. Donec diam neque, vestibulum eget, vulputate ut, ultrices vel, augue. Vestibulum ante ipsum primis in faucibus orci luctus et ultrices posuere cubilia Curae; Donec pharetra, magna vestibulum aliquet ultrices, erat tortor sollicitudin mi, sit amet lobortis sapien sapien non mi. Integer ac neque. Duis bibendum.",Shelton Ellar,00:00.0
618,Nulla justo. Aliquam quis turpis eget elit sodales scelerisque.,Farris Raspel,00:00.0
713,Morbi a ipsum. Integer a nibh. In quis justo. Maecenas rhoncus aliquam lacus.,Theda Ellesworth,00:00.0
709,"Vivamus vel nulla eget eros elementum pellentesque. Quisque porta volutpat erat. Quisque erat eros, viverra eget, congue eget, semper rutrum, nulla. Nunc purus.",Hephzibah Winchcomb,00:00.0
682,"Aliquam sit amet diam in magna bibendum imperdiet. Nullam orci pede, venenatis non, sodales sed, tincidunt eu, felis. Fusce posuere felis sed lacus.",Molly Potebury,00:00.0
612,In hac habitasse platea dictumst. Etiam faucibus cursus urna. Ut tellus. Nulla ut erat id mauris vulputate elementum. Nullam varius.,Putnem Deddum,00:00.0
614,Sed accumsan felis. Ut at dolor quis odio consequat varius. Integer ac leo. Pellentesque ultrices mattis odio.,Merv Stains,00:00.0
583,Nullam varius. Nulla facilisi. Cras non velit nec nisi vulputate nonummy. Maecenas tincidunt lacus at velit.,Tulley Raylton,00:00.0
598,"Morbi odio odio, elementum eu, interdum eu, tincidunt in, leo.",Stormi Kleinbaum,00:00.0
453,Aenean lectus. Pellentesque eget nunc. Donec quis orci eget orci vehicula condimentum.,Lesya McPhillips,00:00.0
300,Maecenas ut massa quis augue luctus tincidunt. Nulla mollis molestie lorem. Quisque ut erat.,Katleen Bedburrow,00:00.0
928,Quisque id justo sit amet sapien dignissim vestibulum. Vestibulum ante ipsum primis in faucibus orci luctus et ultrices posuere cubilia Curae; Nulla dapibus dolor vel est.,Ernestus Dytham,00:00.0
941,"Morbi odio odio, elementum eu, interdum eu, tincidunt in, leo. Maecenas pulvinar lobortis est. Phasellus sit amet erat. Nulla tempus. Vivamus in felis eu sapien cursus vestibulum.",Marysa Clymo,00:00.0
962,Ut at dolor quis odio consequat varius.,Vivie Heckner,00:00.0
978,Etiam faucibus cursus urna. Ut tellus. Nulla ut erat id mauris vulputate elementum. Nullam varius. Nulla facilisi.,Rolando Vogele,00:00.0
295,Donec dapibus. Duis at velit eu est congue elementum.,Corie Alty,00:00.0
339,In hac habitasse platea dictumst.,Mariana Harkness,00:00.0
418,Duis ac nibh.,Palmer Barnhart,00:00.0
379,Nullam porttitor lacus at turpis. Donec posuere metus vitae ipsum. Aliquam non mauris.,Ernst Gooderham,00:00.0
100,"In tempor, turpis nec euismod scelerisque, quam turpis adipiscing lorem, vitae mattis nibh ligula nec sem. Duis aliquam convallis nunc. Proin at turpis a pede posuere nonummy.",Micaela Dixcey,00:00.0
243,"Donec odio justo, sollicitudin ut, suscipit a, feugiat et, eros.",Maude Ramel,00:00.0
602,"Fusce congue, diam id ornare imperdiet, sapien urna pretium nisl, ut volutpat sapien arcu sed augue. Aliquam erat volutpat.",Heath Mackstead,00:00.0
567,Praesent id massa id nisl venenatis lacinia. Aenean sit amet justo.,Abbott Drysdell,00:00.0
639,"Duis ac nibh. Fusce lacus purus, aliquet at, feugiat non, pretium quis, lectus.",Drusie Gronous,00:00.0
655,Vestibulum sed magna at nunc commodo placerat. Praesent blandit. Nam nulla.,Bartolemo Varnals,00:00.0
674,Duis consequat dui nec nisi volutpat eleifend.,Alicea Kesteven,00:00.0
793,Pellentesque at nulla.,Lyman Kettlesing,00:00.0
861,"Proin interdum mauris non ligula pellentesque ultrices. Phasellus id sapien in sapien iaculis congue. Vivamus metus arcu, adipiscing molestie, hendrerit at, vulputate vitae, nisl. Aenean lectus.",Marlo Brewett,00:00.0
902,"Aenean auctor gravida sem. Praesent id massa id nisl venenatis lacinia. Aenean sit amet justo. Morbi ut odio. Cras mi pede, malesuada in, imperdiet et, commodo vulputate, justo.",Valentijn Weymouth,00:00.0
906,Sed accumsan felis. Ut at dolor quis odio consequat varius. Integer ac leo. Pellentesque ultrices mattis odio. Donec vitae nisi.,Deborah Astill,00:00.0
873,"Aliquam non mauris. Morbi non lectus. Aliquam sit amet diam in magna bibendum imperdiet. Nullam orci pede, venenatis non, sodales sed, tincidunt eu, felis. Fusce posuere felis sed lacus.",Celina Merlin,00:00.0
825,Curabitur convallis. Duis consequat dui nec nisi volutpat eleifend.,Markus Eckford,00:00.0
829,"Integer non velit. Donec diam neque, vestibulum eget, vulputate ut, ultrices vel, augue. Vestibulum ante ipsum primis in faucibus orci luctus et ultrices posuere cubilia Curae; Donec pharetra, magna vestibulum aliquet ultrices, erat tortor sollicitudin mi, sit amet lobortis sapien sapien non mi. Integer ac neque. Duis bibendum.",Ashley Struis,00:00.0
747,Maecenas ut massa quis augue luctus tincidunt. Nulla mollis molestie lorem.,Elly Hess,00:00.0
692,"Integer non velit. Donec diam neque, vestibulum eget, vulputate ut, ultrices vel, augue.",Elfreda Simond,00:00.0
519,"Praesent id massa id nisl venenatis lacinia. Aenean sit amet justo. Morbi ut odio. Cras mi pede, malesuada in, imperdiet et, commodo vulputate, justo. In blandit ultrices enim.",Gabriella Burrows,00:00.0
243,"Donec odio justo, sollicitudin ut, suscipit a, feugiat et, eros.",Editha January,00:00.0
250,"Nullam orci pede, venenatis non, sodales sed, tincidunt eu, felis. Fusce posuere felis sed lacus. Morbi sem mauris, laoreet ut, rhoncus aliquet, pulvinar sed, nisl. Nunc rhoncus dui vel sem. Sed sagittis.",Lynde Wooller,00:00.0
191,"Vestibulum quam sapien, varius ut, blandit non, interdum in, ante. Vestibulum ante ipsum primis in faucibus orci luctus et ultrices posuere cubilia Curae; Duis faucibus accumsan odio. Curabitur convallis. Duis consequat dui nec nisi volutpat eleifend. Donec ut dolor.",Morgan Matevushev,00:00.0
149,"Duis at velit eu est congue elementum. In hac habitasse platea dictumst. Morbi vestibulum, velit id pretium iaculis, diam erat fermentum justo, nec condimentum neque sapien placerat ante. Nulla justo. Aliquam quis turpis eget elit sodales scelerisque.",Dewitt Heimann,00:00.0
94,"Donec diam neque, vestibulum eget, vulputate ut, ultrices vel, augue. Vestibulum ante ipsum primis in faucibus orci luctus et ultrices posuere cubilia Curae; Donec pharetra, magna vestibulum aliquet ultrices, erat tortor sollicitudin mi, sit amet lobortis sapien sapien non mi. Integer ac neque.",Nichole Crighten,00:00.0
376,"Fusce congue, diam id ornare imperdiet, sapien urna pretium nisl, ut volutpat sapien arcu sed augue. Aliquam erat volutpat.",Brocky Edser,00:00.0
386,Maecenas tincidunt lacus at velit. Vivamus vel nulla eget eros elementum pellentesque. Quisque porta volutpat erat.,Keely Elsley,00:00.0
365,"Duis mattis egestas metus. Aenean fermentum. Donec ut mauris eget massa tempor convallis. Nulla neque libero, convallis eget, eleifend luctus, ultricies eu, nibh.",Flor Cuttler,00:00.0
987,"Integer aliquet, massa id lobortis convallis, tortor risus dapibus augue, vel accumsan tellus nisi eu orci. Mauris lacinia sapien quis libero. Nullam sit amet turpis elementum ligula vehicula consequat. Morbi a ipsum. Integer a nibh.",Martino Acory,00:00.0
883,Aenean lectus. Pellentesque eget nunc.,Gherardo St. Quentin,00:00.0
385,Donec posuere metus vitae ipsum.,Shawna Ralphs,00:00.0
348,Vivamus vestibulum sagittis sapien.,Haleigh Gremane,00:00.0
348,Vivamus vestibulum sagittis sapien.,Lauren Santarelli,00:00.0
30,"Curabitur gravida nisi at nibh. In hac habitasse platea dictumst. Aliquam augue quam, sollicitudin vitae, consectetuer eget, rutrum at, lorem.",Lacee Lakey,00:00.0
490,Duis bibendum. Morbi non quam nec dui luctus rutrum.,Corie Alty,00:00.0
673,"Sed sagittis. Nam congue, risus semper porta volutpat, quam pede lobortis ligula, sit amet eleifend pede libero quis orci. Nullam molestie nibh in lectus. Pellentesque at nulla.",Carver Navarre,00:00.0
639,"Duis ac nibh. Fusce lacus purus, aliquet at, feugiat non, pretium quis, lectus.",Bernhard Arkill,00:00.0
681,"Integer pede justo, lacinia eget, tincidunt eget, tempus vel, pede. Morbi porttitor lorem id ligula. Suspendisse ornare consequat lectus.",Kinsley Rouby,00:00.0
713,Morbi a ipsum. Integer a nibh. In quis justo. Maecenas rhoncus aliquam lacus.,Jeth Barnshaw,00:00.0
796,Nullam porttitor lacus at turpis. Donec posuere metus vitae ipsum. Aliquam non mauris. Morbi non lectus.,Rochester Adrain,00:00.0
849,"Praesent lectus. Vestibulum quam sapien, varius ut, blandit non, interdum in, ante. Vestibulum ante ipsum primis in faucibus orci luctus et ultrices posuere cubilia Curae; Duis faucibus accumsan odio. Curabitur convallis. Duis consequat dui nec nisi volutpat eleifend.",Cory Championnet,00:00.0
877,"Curabitur at ipsum ac tellus semper interdum. Mauris ullamcorper purus sit amet nulla. Quisque arcu libero, rutrum ac, lobortis vel, dapibus at, diam. Nam tristique tortor eu pede.",Laughton Schiesterl,00:00.0
645,Vestibulum sed magna at nunc commodo placerat.,Franky Lauchlan,00:00.0
626,"Nam ultrices, libero non mattis pulvinar, nulla pede ullamcorper augue, a suscipit nulla elit ac nulla. Sed vel enim sit amet nunc viverra dapibus. Nulla suscipit ligula in lacus.",Gradey Brann,00:00.0
49,"Maecenas tristique, est et tempus semper, est quam pharetra magna, ac consequat metus sapien ut nunc. Vestibulum ante ipsum primis in faucibus orci luctus et ultrices posuere cubilia Curae; Mauris viverra diam vitae quam. Suspendisse potenti. Nullam porttitor lacus at turpis. Donec posuere metus vitae ipsum.",Cyrillus Fridlington,00:00.0
64,"In quis justo. Maecenas rhoncus aliquam lacus. Morbi quis tortor id nulla ultrices aliquet. Maecenas leo odio, condimentum id, luctus nec, molestie sed, justo.",Armando Menloe,00:00.0
125,Pellentesque viverra pede ac diam. Cras pellentesque volutpat dui.,Daryl Kale,00:00.0
207,"Nulla nisl. Nunc nisl. Duis bibendum, felis sed interdum venenatis, turpis enim blandit mi, in porttitor pede justo eu massa. Donec dapibus.",Joy Battersby,00:00.0
249,"Duis bibendum, felis sed interdum venenatis, turpis enim blandit mi, in porttitor pede justo eu massa. Donec dapibus. Duis at velit eu est congue elementum. In hac habitasse platea dictumst. Morbi vestibulum, velit id pretium iaculis, diam erat fermentum justo, nec condimentum neque sapien placerat ante.",Alisha Duinbleton,00:00.0
366,"Nullam orci pede, venenatis non, sodales sed, tincidunt eu, felis. Fusce posuere felis sed lacus. Morbi sem mauris, laoreet ut, rhoncus aliquet, pulvinar sed, nisl.",Maje Rozenzweig,00:00.0
410,"Vivamus vestibulum sagittis sapien. Cum sociis natoque penatibus et magnis dis parturient montes, nascetur ridiculus mus. Etiam vel augue. Vestibulum rutrum rutrum neque. Aenean auctor gravida sem.",Lenette Conre,00:00.0
38,Suspendisse potenti. In eleifend quam a odio.,Brandon Ryder,00:00.0
15,Ut at dolor quis odio consequat varius.,Jerry Congreave,00:00.0
848,Sed ante. Vivamus tortor. Duis mattis egestas metus. Aenean fermentum. Donec ut mauris eget massa tempor convallis.,Curran Novotna,00:00.0
828,Aenean auctor gravida sem. Praesent id massa id nisl venenatis lacinia.,Leanora Zapater,00:00.0
976,"Morbi quis tortor id nulla ultrices aliquet. Maecenas leo odio, condimentum id, luctus nec, molestie sed, justo. Pellentesque viverra pede ac diam. Cras pellentesque volutpat dui.",Egan Grinyakin,00:00.0
806,"In hac habitasse platea dictumst. Aliquam augue quam, sollicitudin vitae, consectetuer eget, rutrum at, lorem. Integer tincidunt ante vel ipsum. Praesent blandit lacinia erat. Vestibulum sed magna at nunc commodo placerat.",Man Josifovic,00:00.0
842,Donec ut dolor. Morbi vel lectus in quam fringilla rhoncus.,Gwenore Turfs,00:00.0
731,"Curabitur in libero ut massa volutpat convallis. Morbi odio odio, elementum eu, interdum eu, tincidunt in, leo. Maecenas pulvinar lobortis est. Phasellus sit amet erat. Nulla tempus.",Paulette Duddin,00:00.0
633,In hac habitasse platea dictumst. Etiam faucibus cursus urna.,Frans Aristide,00:00.0
504,In congue. Etiam justo. Etiam pretium iaculis justo.,Giffard Shortin,00:00.0
540,"Vestibulum sed magna at nunc commodo placerat. Praesent blandit. Nam nulla. Integer pede justo, lacinia eget, tincidunt eget, tempus vel, pede. Morbi porttitor lorem id ligula.",Irwinn Gerhts,00:00.0
542,"Maecenas rhoncus aliquam lacus. Morbi quis tortor id nulla ultrices aliquet. Maecenas leo odio, condimentum id, luctus nec, molestie sed, justo. Pellentesque viverra pede ac diam.",Rufe Steggals,00:00.0
345,Morbi a ipsum. Integer a nibh. In quis justo.,Anjela Cleatherow,00:00.0
361,Aenean lectus.,Ronna Turley,00:00.0
302,Morbi vel lectus in quam fringilla rhoncus.,Kacie Speake,00:00.0
317,"Donec ut dolor. Morbi vel lectus in quam fringilla rhoncus. Mauris enim leo, rhoncus sed, vestibulum sit amet, cursus id, turpis. Integer aliquet, massa id lobortis convallis, tortor risus dapibus augue, vel accumsan tellus nisi eu orci. Mauris lacinia sapien quis libero.",Tabina Bulleyn,00:00.0
338,"Vivamus vel nulla eget eros elementum pellentesque. Quisque porta volutpat erat. Quisque erat eros, viverra eget, congue eget, semper rutrum, nulla. Nunc purus.",Dori Twinberrow,00:00.0
306,Cras pellentesque volutpat dui.,Ester Truse,00:00.0
378,Suspendisse potenti.,Tore Lethlay,00:00.0
2,Nullam molestie nibh in lectus. Pellentesque at nulla. Suspendisse potenti.,Roy Sommersett,00:00.0
13,"Integer aliquet, massa id lobortis convallis, tortor risus dapibus augue, vel accumsan tellus nisi eu orci. Mauris lacinia sapien quis libero. Nullam sit amet turpis elementum ligula vehicula consequat. Morbi a ipsum.",Renard Tatchell,00:00.0
35,"Proin risus. Praesent lectus. Vestibulum quam sapien, varius ut, blandit non, interdum in, ante. Vestibulum ante ipsum primis in faucibus orci luctus et ultrices posuere cubilia Curae; Duis faucibus accumsan odio.",Tessy Normanvill,00:00.0
55,"Cras mi pede, malesuada in, imperdiet et, commodo vulputate, justo. In blandit ultrices enim. Lorem ipsum dolor sit amet, consectetuer adipiscing elit. Proin interdum mauris non ligula pellentesque ultrices. Phasellus id sapien in sapien iaculis congue.",Clementius Campkin,00:00.0
216,Aliquam quis turpis eget elit sodales scelerisque. Mauris sit amet eros.,Gasper De Maine,00:00.0
554,In hac habitasse platea dictumst. Etiam faucibus cursus urna. Ut tellus. Nulla ut erat id mauris vulputate elementum. Nullam varius.,Elvina Miguet,00:00.0
624,Praesent id massa id nisl venenatis lacinia. Aenean sit amet justo. Morbi ut odio.,Alessandra Regis,00:00.0
632,"Donec odio justo, sollicitudin ut, suscipit a, feugiat et, eros. Vestibulum ac est lacinia nisi venenatis tristique. Fusce congue, diam id ornare imperdiet, sapien urna pretium nisl, ut volutpat sapien arcu sed augue.",Kristine Pounds,00:00.0
617,Phasellus in felis.,Kim Hannaway,00:00.0
777,Duis aliquam convallis nunc. Proin at turpis a pede posuere nonummy. Integer non velit.,Shannan Ussher,00:00.0
857,"Morbi quis tortor id nulla ultrices aliquet. Maecenas leo odio, condimentum id, luctus nec, molestie sed, justo. Pellentesque viverra pede ac diam.",Heath Mackstead,00:00.0
991,Cras in purus eu magna vulputate luctus.,Gayel Cobbin,00:00.0
949,"Nulla neque libero, convallis eget, eleifend luctus, ultricies eu, nibh. Quisque id justo sit amet sapien dignissim vestibulum. Vestibulum ante ipsum primis in faucibus orci luctus et ultrices posuere cubilia Curae; Nulla dapibus dolor vel est. Donec odio justo, sollicitudin ut, suscipit a, feugiat et, eros. Vestibulum ac est lacinia nisi venenatis tristique.",Lolita Emes,00:00.0
884,Nulla facilisi. Cras non velit nec nisi vulputate nonummy.,Bronson Archbould,00:00.0
972,In quis justo. Maecenas rhoncus aliquam lacus. Morbi quis tortor id nulla ultrices aliquet.,Tiffie Gawthorpe,00:00.0
855,"Donec quis orci eget orci vehicula condimentum. Curabitur in libero ut massa volutpat convallis. Morbi odio odio, elementum eu, interdum eu, tincidunt in, leo. Maecenas pulvinar lobortis est.",Kurtis Bitten,00:00.0
692,"Integer non velit. Donec diam neque, vestibulum eget, vulputate ut, ultrices vel, augue.",Crichton Magovern,00:00.0
528,Mauris lacinia sapien quis libero. Nullam sit amet turpis elementum ligula vehicula consequat.,Claudio Worman,00:00.0
237,Etiam faucibus cursus urna.,Gail Vanyukhin,00:00.0
443,Nulla ut erat id mauris vulputate elementum. Nullam varius.,Henderson Mechan,00:00.0
445,Aenean auctor gravida sem. Praesent id massa id nisl venenatis lacinia.,Henrietta Parffrey,00:00.0
484,"Aliquam augue quam, sollicitudin vitae, consectetuer eget, rutrum at, lorem. Integer tincidunt ante vel ipsum.",Elfreda Simond,00:00.0
413,"Curabitur at ipsum ac tellus semper interdum. Mauris ullamcorper purus sit amet nulla. Quisque arcu libero, rutrum ac, lobortis vel, dapibus at, diam. Nam tristique tortor eu pede.",Pansie Cogger,00:00.0
261,Suspendisse potenti. In eleifend quam a odio.,Sansone Foan,00:00.0
169,Morbi porttitor lorem id ligula. Suspendisse ornare consequat lectus.,Cyrillus Fridlington,00:00.0
47,Etiam vel augue. Vestibulum rutrum rutrum neque. Aenean auctor gravida sem. Praesent id massa id nisl venenatis lacinia.,Phaedra Killoran,00:00.0
9,"Donec odio justo, sollicitudin ut, suscipit a, feugiat et, eros. Vestibulum ac est lacinia nisi venenatis tristique. Fusce congue, diam id ornare imperdiet, sapien urna pretium nisl, ut volutpat sapien arcu sed augue.",Griff Heams,00:00.0
574,"Proin eu mi. Nulla ac enim. In tempor, turpis nec euismod scelerisque, quam turpis adipiscing lorem, vitae mattis nibh ligula nec sem. Duis aliquam convallis nunc. Proin at turpis a pede posuere nonummy.",Hastie Barlow,00:00.0
669,Aliquam non mauris.,Jeth Barnshaw,00:00.0
801,"Maecenas tincidunt lacus at velit. Vivamus vel nulla eget eros elementum pellentesque. Quisque porta volutpat erat. Quisque erat eros, viverra eget, congue eget, semper rutrum, nulla. Nunc purus.",Martyn Brosch,00:00.0
866,"Cras pellentesque volutpat dui. Maecenas tristique, est et tempus semper, est quam pharetra magna, ac consequat metus sapien ut nunc. Vestibulum ante ipsum primis in faucibus orci luctus et ultrices posuere cubilia Curae; Mauris viverra diam vitae quam.",Cortney Kyffin,00:00.0
875,Vivamus in felis eu sapien cursus vestibulum. Proin eu mi. Nulla ac enim.,Dene Grishukhin,00:00.0
956,"Duis bibendum, felis sed interdum venenatis, turpis enim blandit mi, in porttitor pede justo eu massa.",Tito Furber,00:00.0
799,"Lorem ipsum dolor sit amet, consectetuer adipiscing elit. Proin interdum mauris non ligula pellentesque ultrices. Phasellus id sapien in sapien iaculis congue. Vivamus metus arcu, adipiscing molestie, hendrerit at, vulputate vitae, nisl.",Beniamino MacCauley,00:00.0
751,Integer tincidunt ante vel ipsum. Praesent blandit lacinia erat.,Bail Ilyunin,00:00.0
717,Nullam sit amet turpis elementum ligula vehicula consequat. Morbi a ipsum.,Sam Jorry,00:00.0
624,Praesent id massa id nisl venenatis lacinia. Aenean sit amet justo. Morbi ut odio.,Ray Fearne,00:00.0
632,"Donec odio justo, sollicitudin ut, suscipit a, feugiat et, eros. Vestibulum ac est lacinia nisi venenatis tristique. Fusce congue, diam id ornare imperdiet, sapien urna pretium nisl, ut volutpat sapien arcu sed augue.",Garold Lockery,00:00.0
581,"Nullam orci pede, venenatis non, sodales sed, tincidunt eu, felis.",Rufe Steggals,00:00.0
498,"Lorem ipsum dolor sit amet, consectetuer adipiscing elit. Proin interdum mauris non ligula pellentesque ultrices. Phasellus id sapien in sapien iaculis congue.",Damaris McLeary,00:00.0
60,Morbi porttitor lorem id ligula. Suspendisse ornare consequat lectus.,Antonina Burwin,00:00.0
60,Morbi porttitor lorem id ligula. Suspendisse ornare consequat lectus.,Marillin Ericsson,00:00.0
184,"In sagittis dui vel nisl. Duis ac nibh. Fusce lacus purus, aliquet at, feugiat non, pretium quis, lectus. Suspendisse potenti. In eleifend quam a odio.",Myca Kerford,00:00.0
225,Sed accumsan felis.,Corrine Franschini,00:00.0
110,Nam dui.,Marika Luscombe,00:00.0
124,"Aliquam augue quam, sollicitudin vitae, consectetuer eget, rutrum at, lorem. Integer tincidunt ante vel ipsum. Praesent blandit lacinia erat.",Shurlocke Russilll,00:00.0
311,Aenean lectus. Pellentesque eget nunc.,Ravi Mounter,00:00.0
351,"Aenean sit amet justo. Morbi ut odio. Cras mi pede, malesuada in, imperdiet et, commodo vulputate, justo. In blandit ultrices enim. Lorem ipsum dolor sit amet, consectetuer adipiscing elit.",Lamont Philippe,00:00.0
485,"Nulla ac enim. In tempor, turpis nec euismod scelerisque, quam turpis adipiscing lorem, vitae mattis nibh ligula nec sem. Duis aliquam convallis nunc.",Dev Hrinchishin,00:00.0
489,Nulla facilisi. Cras non velit nec nisi vulputate nonummy. Maecenas tincidunt lacus at velit. Vivamus vel nulla eget eros elementum pellentesque.,Suellen Potkin,00:00.0
419,Nulla tempus. Vivamus in felis eu sapien cursus vestibulum. Proin eu mi. Nulla ac enim.,Lilllie Pirt,00:00.0
424,"Nunc purus. Phasellus in felis. Donec semper sapien a libero. Nam dui. Proin leo odio, porttitor id, consequat in, consequat ut, nulla.",Clementius Campkin,00:00.0
193,Donec semper sapien a libero. Nam dui.,Donielle Popelay,00:00.0
40,Quisque id justo sit amet sapien dignissim vestibulum. Vestibulum ante ipsum primis in faucibus orci luctus et ultrices posuere cubilia Curae; Nulla dapibus dolor vel est.,Giordano McCardle,00:00.0
458,"Fusce lacus purus, aliquet at, feugiat non, pretium quis, lectus. Suspendisse potenti.",Haleigh Gremane,00:00.0
718,Nullam porttitor lacus at turpis. Donec posuere metus vitae ipsum. Aliquam non mauris. Morbi non lectus. Aliquam sit amet diam in magna bibendum imperdiet.,Olenka Chark,00:00.0
731,"Curabitur in libero ut massa volutpat convallis. Morbi odio odio, elementum eu, interdum eu, tincidunt in, leo. Maecenas pulvinar lobortis est. Phasellus sit amet erat. Nulla tempus.",Kylen Deakin,00:00.0
706,"Integer pede justo, lacinia eget, tincidunt eget, tempus vel, pede. Morbi porttitor lorem id ligula. Suspendisse ornare consequat lectus. In est risus, auctor sed, tristique in, tempus sit amet, sem.",Cherice Punt,00:00.0
772,"Morbi non lectus. Aliquam sit amet diam in magna bibendum imperdiet. Nullam orci pede, venenatis non, sodales sed, tincidunt eu, felis. Fusce posuere felis sed lacus.",Kiley Bener,00:00.0
841,Nulla tellus. In sagittis dui vel nisl. Duis ac nibh.,Morganne Screas,00:00.0
864,Aenean fermentum. Donec ut mauris eget massa tempor convallis.,Valle Gristhwaite,00:00.0
741,"Donec diam neque, vestibulum eget, vulputate ut, ultrices vel, augue. Vestibulum ante ipsum primis in faucibus orci luctus et ultrices posuere cubilia Curae; Donec pharetra, magna vestibulum aliquet ultrices, erat tortor sollicitudin mi, sit amet lobortis sapien sapien non mi. Integer ac neque. Duis bibendum. Morbi non quam nec dui luctus rutrum.",Michelle Malan,00:00.0
797,Nulla ut erat id mauris vulputate elementum.,Dene Grishukhin,00:00.0
534,"Vivamus vestibulum sagittis sapien. Cum sociis natoque penatibus et magnis dis parturient montes, nascetur ridiculus mus.",Borg Gabbitus,00:00.0
30,"Curabitur gravida nisi at nibh. In hac habitasse platea dictumst. Aliquam augue quam, sollicitudin vitae, consectetuer eget, rutrum at, lorem.",Janessa Clubb,00:00.0
147,Vestibulum rutrum rutrum neque. Aenean auctor gravida sem. Praesent id massa id nisl venenatis lacinia. Aenean sit amet justo. Morbi ut odio.,Rory Iddy,00:00.0
328,Etiam justo. Etiam pretium iaculis justo. In hac habitasse platea dictumst.,Konrad Lamming,00:00.0
305,"Morbi sem mauris, laoreet ut, rhoncus aliquet, pulvinar sed, nisl. Nunc rhoncus dui vel sem. Sed sagittis.",Jammal Krauss,00:00.0
293,Nulla tempus. Vivamus in felis eu sapien cursus vestibulum. Proin eu mi. Nulla ac enim.,Loydie Frere,00:00.0
260,"Nam ultrices, libero non mattis pulvinar, nulla pede ullamcorper augue, a suscipit nulla elit ac nulla.",Jess Borsnall,00:00.0
958,Nulla mollis molestie lorem. Quisque ut erat. Curabitur gravida nisi at nibh.,Kermy Booij,00:00.0
922,Suspendisse potenti.,Neda Venmore,00:00.0
981,"Nulla suscipit ligula in lacus. Curabitur at ipsum ac tellus semper interdum. Mauris ullamcorper purus sit amet nulla. Quisque arcu libero, rutrum ac, lobortis vel, dapibus at, diam. Nam tristique tortor eu pede.",Filip Skipton,00:00.0
970,"Integer aliquet, massa id lobortis convallis, tortor risus dapibus augue, vel accumsan tellus nisi eu orci. Mauris lacinia sapien quis libero.",Jesselyn Werner,00:00.0
974,"Integer aliquet, massa id lobortis convallis, tortor risus dapibus augue, vel accumsan tellus nisi eu orci.",Audrey Jeanes,00:00.0
312,Mauris sit amet eros. Suspendisse accumsan tortor quis turpis. Sed ante. Vivamus tortor.,Cary Beek,00:00.0
21,Nulla mollis molestie lorem. Quisque ut erat. Curabitur gravida nisi at nibh. In hac habitasse platea dictumst.,Sansone Chooter,00:00.0
61,Curabitur gravida nisi at nibh. In hac habitasse platea dictumst.,Lyman Kettlesing,00:00.0
70,"Cum sociis natoque penatibus et magnis dis parturient montes, nascetur ridiculus mus.",Charmane Kroin,00:00.0
107,"Nulla ac enim. In tempor, turpis nec euismod scelerisque, quam turpis adipiscing lorem, vitae mattis nibh ligula nec sem.",Niccolo Golson,00:00.0
497,"Fusce posuere felis sed lacus. Morbi sem mauris, laoreet ut, rhoncus aliquet, pulvinar sed, nisl. Nunc rhoncus dui vel sem. Sed sagittis. Nam congue, risus semper porta volutpat, quam pede lobortis ligula, sit amet eleifend pede libero quis orci.",Mabel Geraldini,00:00.0
802,Pellentesque at nulla.,Arv Newarte,00:00.0
667,Vivamus tortor. Duis mattis egestas metus.,Vivie Heckner,00:00.0
813,"Praesent blandit. Nam nulla. Integer pede justo, lacinia eget, tincidunt eget, tempus vel, pede.",Haleigh Gremane,00:00.0
826,Maecenas pulvinar lobortis est.,Cyrillus Fridlington,00:00.0
774,Nulla tellus. In sagittis dui vel nisl.,Randy Bosse,00:00.0
523,Etiam vel augue. Vestibulum rutrum rutrum neque.,Gaston Sirl,00:00.0
654,Sed ante. Vivamus tortor.,Thorpe Harbron,00:00.0
87,"Vestibulum ac est lacinia nisi venenatis tristique. Fusce congue, diam id ornare imperdiet, sapien urna pretium nisl, ut volutpat sapien arcu sed augue.",Wrennie Lyfield,00:00.0
286,Cras in purus eu magna vulputate luctus.,Nelly Alejandre,00:00.0
311,Aenean lectus. Pellentesque eget nunc.,Mela Robrow,00:00.0
449,"Proin interdum mauris non ligula pellentesque ultrices. Phasellus id sapien in sapien iaculis congue. Vivamus metus arcu, adipiscing molestie, hendrerit at, vulputate vitae, nisl. Aenean lectus. Pellentesque eget nunc.",Devonna Happert,00:00.0
449,"Proin interdum mauris non ligula pellentesque ultrices. Phasellus id sapien in sapien iaculis congue. Vivamus metus arcu, adipiscing molestie, hendrerit at, vulputate vitae, nisl. Aenean lectus. Pellentesque eget nunc.",Lauren Santarelli,00:00.0
344,Sed ante. Vivamus tortor. Duis mattis egestas metus. Aenean fermentum. Donec ut mauris eget massa tempor convallis.,Orelee McJerrow,00:00.0
919,Praesent blandit lacinia erat. Vestibulum sed magna at nunc commodo placerat. Praesent blandit.,Mord Hazel,00:00.0
941,"Morbi odio odio, elementum eu, interdum eu, tincidunt in, leo. Maecenas pulvinar lobortis est. Phasellus sit amet erat. Nulla tempus. Vivamus in felis eu sapien cursus vestibulum.",Engelbert Sawers,00:00.0
967,"Nunc nisl. Duis bibendum, felis sed interdum venenatis, turpis enim blandit mi, in porttitor pede justo eu massa. Donec dapibus.",Pamella Barnewille,00:00.0
364,Vestibulum sed magna at nunc commodo placerat. Praesent blandit.,Flossy Dummett,00:00.0
436,Aliquam quis turpis eget elit sodales scelerisque. Mauris sit amet eros. Suspendisse accumsan tortor quis turpis. Sed ante. Vivamus tortor.,Delora Rawe,00:00.0
273,"Sed sagittis. Nam congue, risus semper porta volutpat, quam pede lobortis ligula, sit amet eleifend pede libero quis orci. Nullam molestie nibh in lectus. Pellentesque at nulla. Suspendisse potenti.",Chelsy Rainer,00:00.0
322,Aenean lectus. Pellentesque eget nunc. Donec quis orci eget orci vehicula condimentum. Curabitur in libero ut massa volutpat convallis.,Rufe Steggals,00:00.0
135,Vestibulum ante ipsum primis in faucibus orci luctus et ultrices posuere cubilia Curae; Nulla dapibus dolor vel est.,Marysa Clymo,00:00.0
199,"Fusce posuere felis sed lacus. Morbi sem mauris, laoreet ut, rhoncus aliquet, pulvinar sed, nisl.",Theresa Lukianovich,00:00.0
662,"Aenean sit amet justo. Morbi ut odio. Cras mi pede, malesuada in, imperdiet et, commodo vulputate, justo.",Pauly Enric,00:00.0
573,Vestibulum sed magna at nunc commodo placerat. Praesent blandit. Nam nulla.,Aileen Cusiter,00:00.0
867,"Donec diam neque, vestibulum eget, vulputate ut, ultrices vel, augue. Vestibulum ante ipsum primis in faucibus orci luctus et ultrices posuere cubilia Curae; Donec pharetra, magna vestibulum aliquet ultrices, erat tortor sollicitudin mi, sit amet lobortis sapien sapien non mi. Integer ac neque. Duis bibendum.",Tore Atcock,00:00.0
860,"Aenean sit amet justo. Morbi ut odio. Cras mi pede, malesuada in, imperdiet et, commodo vulputate, justo. In blandit ultrices enim.",Angeline Simper,00:00.0
605,"Proin interdum mauris non ligula pellentesque ultrices. Phasellus id sapien in sapien iaculis congue. Vivamus metus arcu, adipiscing molestie, hendrerit at, vulputate vitae, nisl. Aenean lectus. Pellentesque eget nunc.",Oberon Beswick,00:00.0
536,"Nunc nisl. Duis bibendum, felis sed interdum venenatis, turpis enim blandit mi, in porttitor pede justo eu massa. Donec dapibus. Duis at velit eu est congue elementum.",Brewster Vasyutkin,00:00.0
476,"Nulla suscipit ligula in lacus. Curabitur at ipsum ac tellus semper interdum. Mauris ullamcorper purus sit amet nulla. Quisque arcu libero, rutrum ac, lobortis vel, dapibus at, diam.",Molly Potebury,00:00.0
673,"Sed sagittis. Nam congue, risus semper porta volutpat, quam pede lobortis ligula, sit amet eleifend pede libero quis orci. Nullam molestie nibh in lectus. Pellentesque at nulla.",Lynda Swansborough,00:00.0
675,Vivamus tortor.,Sam Jorry,00:00.0
620,Sed accumsan felis. Ut at dolor quis odio consequat varius. Integer ac leo.,Eva Dummigan,00:00.0
315,"Vivamus metus arcu, adipiscing molestie, hendrerit at, vulputate vitae, nisl. Aenean lectus. Pellentesque eget nunc. Donec quis orci eget orci vehicula condimentum. Curabitur in libero ut massa volutpat convallis.",Brinna Danet,00:00.0
358,"Donec posuere metus vitae ipsum. Aliquam non mauris. Morbi non lectus. Aliquam sit amet diam in magna bibendum imperdiet. Nullam orci pede, venenatis non, sodales sed, tincidunt eu, felis.",Irene Stote,00:00.0
361,Aenean lectus.,Farand Giacomozzo,00:00.0
342,Proin eu mi.,Friederike MacKeig,00:00.0
338,"Vivamus vel nulla eget eros elementum pellentesque. Quisque porta volutpat erat. Quisque erat eros, viverra eget, congue eget, semper rutrum, nulla. Nunc purus.",Bernadine Duddle,00:00.0
253,"Aenean fermentum. Donec ut mauris eget massa tempor convallis. Nulla neque libero, convallis eget, eleifend luctus, ultricies eu, nibh. Quisque id justo sit amet sapien dignissim vestibulum. Vestibulum ante ipsum primis in faucibus orci luctus et ultrices posuere cubilia Curae; Nulla dapibus dolor vel est.",Clary Crayker,00:00.0
188,Nulla tempus.,Chariot Altofts,00:00.0
67,Suspendisse accumsan tortor quis turpis.,Eddi Barlie,00:00.0
96,"Donec vitae nisi. Nam ultrices, libero non mattis pulvinar, nulla pede ullamcorper augue, a suscipit nulla elit ac nulla.",Athene Bushrod,00:00.0
55,"Cras mi pede, malesuada in, imperdiet et, commodo vulputate, justo. In blandit ultrices enim. Lorem ipsum dolor sit amet, consectetuer adipiscing elit. Proin interdum mauris non ligula pellentesque ultrices. Phasellus id sapien in sapien iaculis congue.",Yancey Fursland,00:00.0
576,"Quisque ut erat. Curabitur gravida nisi at nibh. In hac habitasse platea dictumst. Aliquam augue quam, sollicitudin vitae, consectetuer eget, rutrum at, lorem.",Joyann Southard,00:00.0
907,"Morbi quis tortor id nulla ultrices aliquet. Maecenas leo odio, condimentum id, luctus nec, molestie sed, justo. Pellentesque viverra pede ac diam.",Teodoro Ding,00:00.0
834,"Nulla suscipit ligula in lacus. Curabitur at ipsum ac tellus semper interdum. Mauris ullamcorper purus sit amet nulla. Quisque arcu libero, rutrum ac, lobortis vel, dapibus at, diam.",Frannie Lackney,00:00.0
857,"Morbi quis tortor id nulla ultrices aliquet. Maecenas leo odio, condimentum id, luctus nec, molestie sed, justo. Pellentesque viverra pede ac diam.",Bobbette Couche,00:00.0
831,Duis bibendum.,Steffane Castanyer,00:00.0
694,"Aenean sit amet justo. Morbi ut odio. Cras mi pede, malesuada in, imperdiet et, commodo vulputate, justo.",Eydie Cullingworth,00:00.0
646,Morbi non quam nec dui luctus rutrum.,Imogene Crichmer,00:00.0
23,Etiam justo.,Pembroke Knight,00:00.0
169,Morbi porttitor lorem id ligula. Suspendisse ornare consequat lectus.,Niles Jenney,00:00.0
222,"Nam congue, risus semper porta volutpat, quam pede lobortis ligula, sit amet eleifend pede libero quis orci. Nullam molestie nibh in lectus. Pellentesque at nulla. Suspendisse potenti. Cras in purus eu magna vulputate luctus.",Grace Ganforthe,00:00.0
132,"Suspendisse potenti. Cras in purus eu magna vulputate luctus. Cum sociis natoque penatibus et magnis dis parturient montes, nascetur ridiculus mus. Vivamus vestibulum sagittis sapien.",Lorraine Morsom,00:00.0
440,Curabitur convallis. Duis consequat dui nec nisi volutpat eleifend.,Leonidas Benton,00:00.0
943,Mauris lacinia sapien quis libero.,Sawyer Dunston,00:00.0
105,Integer tincidunt ante vel ipsum. Praesent blandit lacinia erat. Vestibulum sed magna at nunc commodo placerat. Praesent blandit.,Irwinn Gerhts,00:00.0
60,Morbi porttitor lorem id ligula. Suspendisse ornare consequat lectus.,Glennis Bisson,00:00.0
545,"Fusce consequat. Nulla nisl. Nunc nisl. Duis bibendum, felis sed interdum venenatis, turpis enim blandit mi, in porttitor pede justo eu massa.",Irwinn Gerhts,00:00.0
546,"Morbi vestibulum, velit id pretium iaculis, diam erat fermentum justo, nec condimentum neque sapien placerat ante. Nulla justo. Aliquam quis turpis eget elit sodales scelerisque. Mauris sit amet eros. Suspendisse accumsan tortor quis turpis.",Eydie Cullingworth,00:00.0
581,"Nullam orci pede, venenatis non, sodales sed, tincidunt eu, felis.",Ariadne MacBain,00:00.0
520,Donec quis orci eget orci vehicula condimentum. Curabitur in libero ut massa volutpat convallis.,Noelyn Grutchfield,00:00.0
538,"Morbi ut odio. Cras mi pede, malesuada in, imperdiet et, commodo vulputate, justo. In blandit ultrices enim. Lorem ipsum dolor sit amet, consectetuer adipiscing elit. Proin interdum mauris non ligula pellentesque ultrices.",Sancho Taaffe,00:00.0
670,"Vestibulum ante ipsum primis in faucibus orci luctus et ultrices posuere cubilia Curae; Nulla dapibus dolor vel est. Donec odio justo, sollicitudin ut, suscipit a, feugiat et, eros. Vestibulum ac est lacinia nisi venenatis tristique. Fusce congue, diam id ornare imperdiet, sapien urna pretium nisl, ut volutpat sapien arcu sed augue.",Leanna Demetr,00:00.0
705,Morbi porttitor lorem id ligula.,Kerianne Hairon,00:00.0
729,Vivamus tortor. Duis mattis egestas metus. Aenean fermentum.,Claudio Worman,00:00.0
818,"Vestibulum ante ipsum primis in faucibus orci luctus et ultrices posuere cubilia Curae; Donec pharetra, magna vestibulum aliquet ultrices, erat tortor sollicitudin mi, sit amet lobortis sapien sapien non mi. Integer ac neque.",Willy Henze,00:00.0
860,"Aenean sit amet justo. Morbi ut odio. Cras mi pede, malesuada in, imperdiet et, commodo vulputate, justo. In blandit ultrices enim.",Ignaz Wyles,00:00.0
871,Praesent id massa id nisl venenatis lacinia.,Emmy Bellamy,00:00.0
222,"Nam congue, risus semper porta volutpat, quam pede lobortis ligula, sit amet eleifend pede libero quis orci. Nullam molestie nibh in lectus. Pellentesque at nulla. Suspendisse potenti. Cras in purus eu magna vulputate luctus.",Rhodia Common,00:00.0
379,Nullam porttitor lacus at turpis. Donec posuere metus vitae ipsum. Aliquam non mauris.,Alexio Cuerda,00:00.0
281,"Curabitur convallis. Duis consequat dui nec nisi volutpat eleifend. Donec ut dolor. Morbi vel lectus in quam fringilla rhoncus. Mauris enim leo, rhoncus sed, vestibulum sit amet, cursus id, turpis.",Wandis Stockwell,00:00.0
302,Morbi vel lectus in quam fringilla rhoncus.,Simonne Lillicrap,00:00.0
320,Donec ut mauris eget massa tempor convallis.,Charlie Hurdis,00:00.0
341,Morbi ut odio.,Perl Chivers,00:00.0
369,Pellentesque at nulla. Suspendisse potenti. Cras in purus eu magna vulputate luctus.,Dallas Alvy,00:00.0
441,Quisque porta volutpat erat.,Lorinda d' Elboux,00:00.0
142,"Mauris enim leo, rhoncus sed, vestibulum sit amet, cursus id, turpis. Integer aliquet, massa id lobortis convallis, tortor risus dapibus augue, vel accumsan tellus nisi eu orci.",Yankee Awde,00:00.0
46,Nullam porttitor lacus at turpis. Donec posuere metus vitae ipsum.,Carin Dauney,00:00.0
873,"Aliquam non mauris. Morbi non lectus. Aliquam sit amet diam in magna bibendum imperdiet. Nullam orci pede, venenatis non, sodales sed, tincidunt eu, felis. Fusce posuere felis sed lacus.",Adolph Westlake,00:00.0
848,Sed ante. Vivamus tortor. Duis mattis egestas metus. Aenean fermentum. Donec ut mauris eget massa tempor convallis.,Morry Alred,00:00.0
674,Duis consequat dui nec nisi volutpat eleifend.,Milton Alflatt,00:00.0
648,In hac habitasse platea dictumst.,Mora Goldthorp,00:00.0
529,"Lorem ipsum dolor sit amet, consectetuer adipiscing elit. Proin interdum mauris non ligula pellentesque ultrices. Phasellus id sapien in sapien iaculis congue. Vivamus metus arcu, adipiscing molestie, hendrerit at, vulputate vitae, nisl.",Arabela Millea,00:00.0
480,"Integer non velit. Donec diam neque, vestibulum eget, vulputate ut, ultrices vel, augue. Vestibulum ante ipsum primis in faucibus orci luctus et ultrices posuere cubilia Curae; Donec pharetra, magna vestibulum aliquet ultrices, erat tortor sollicitudin mi, sit amet lobortis sapien sapien non mi. Integer ac neque. Duis bibendum.",Merwyn Floyed,00:00.0
898,"Ut at dolor quis odio consequat varius. Integer ac leo. Pellentesque ultrices mattis odio. Donec vitae nisi. Nam ultrices, libero non mattis pulvinar, nulla pede ullamcorper augue, a suscipit nulla elit ac nulla.",Adi Sickling,00:00.0
917,"Cras pellentesque volutpat dui. Maecenas tristique, est et tempus semper, est quam pharetra magna, ac consequat metus sapien ut nunc. Vestibulum ante ipsum primis in faucibus orci luctus et ultrices posuere cubilia Curae; Mauris viverra diam vitae quam. Suspendisse potenti. Nullam porttitor lacus at turpis.",Luce Lettsom,00:00.0
636,"Maecenas tristique, est et tempus semper, est quam pharetra magna, ac consequat metus sapien ut nunc. Vestibulum ante ipsum primis in faucibus orci luctus et ultrices posuere cubilia Curae; Mauris viverra diam vitae quam. Suspendisse potenti. Nullam porttitor lacus at turpis. Donec posuere metus vitae ipsum.",Rosanne Izatt,00:00.0
121,Nulla justo. Aliquam quis turpis eget elit sodales scelerisque.,Corabella Lynds,00:00.0
374,Integer non velit.,Kristoffer Dowe,00:00.0
285,Proin interdum mauris non ligula pellentesque ultrices. Phasellus id sapien in sapien iaculis congue.,Agosto Dury,00:00.0
34,"Maecenas tristique, est et tempus semper, est quam pharetra magna, ac consequat metus sapien ut nunc. Vestibulum ante ipsum primis in faucibus orci luctus et ultrices posuere cubilia Curae; Mauris viverra diam vitae quam. Suspendisse potenti. Nullam porttitor lacus at turpis. Donec posuere metus vitae ipsum.",Ira Wharmby,00:00.0
608,In hac habitasse platea dictumst. Maecenas ut massa quis augue luctus tincidunt. Nulla mollis molestie lorem. Quisque ut erat.,Donielle Popelay,00:00.0
533,"Morbi non lectus. Aliquam sit amet diam in magna bibendum imperdiet. Nullam orci pede, venenatis non, sodales sed, tincidunt eu, felis. Fusce posuere felis sed lacus.",Loutitia Caskie,00:00.0
911,"Quisque id justo sit amet sapien dignissim vestibulum. Vestibulum ante ipsum primis in faucibus orci luctus et ultrices posuere cubilia Curae; Nulla dapibus dolor vel est. Donec odio justo, sollicitudin ut, suscipit a, feugiat et, eros. Vestibulum ac est lacinia nisi venenatis tristique. Fusce congue, diam id ornare imperdiet, sapien urna pretium nisl, ut volutpat sapien arcu sed augue.",Dallas Alvy,00:00.0
714,In eleifend quam a odio. In hac habitasse platea dictumst.,Reggie Wauchope,00:00.0
778,"Nunc rhoncus dui vel sem. Sed sagittis. Nam congue, risus semper porta volutpat, quam pede lobortis ligula, sit amet eleifend pede libero quis orci. Nullam molestie nibh in lectus. Pellentesque at nulla.",Eugen Renfield,00:00.0
801,"Maecenas tincidunt lacus at velit. Vivamus vel nulla eget eros elementum pellentesque. Quisque porta volutpat erat. Quisque erat eros, viverra eget, congue eget, semper rutrum, nulla. Nunc purus.",Augustine Tempest,00:00.0
931,Sed accumsan felis. Ut at dolor quis odio consequat varius.,Sayres Prophet,00:00.0
979,"Maecenas tristique, est et tempus semper, est quam pharetra magna, ac consequat metus sapien ut nunc. Vestibulum ante ipsum primis in faucibus orci luctus et ultrices posuere cubilia Curae; Mauris viverra diam vitae quam.",Dun Mettricke,00:00.0
977,"Integer ac leo. Pellentesque ultrices mattis odio. Donec vitae nisi. Nam ultrices, libero non mattis pulvinar, nulla pede ullamcorper augue, a suscipit nulla elit ac nulla. Sed vel enim sit amet nunc viverra dapibus.",Kylynn Lyver,00:00.0
959,Nullam porttitor lacus at turpis. Donec posuere metus vitae ipsum. Aliquam non mauris.,Loella Coll,00:00.0
797,Nulla ut erat id mauris vulputate elementum.,Sayers Hadfield,00:00.0
687,"Aliquam augue quam, sollicitudin vitae, consectetuer eget, rutrum at, lorem.",Cory Championnet,00:00.0
785,In congue. Etiam justo. Etiam pretium iaculis justo.,Brander Ilsley,00:00.0
419,Nulla tempus. Vivamus in felis eu sapien cursus vestibulum. Proin eu mi. Nulla ac enim.,Jacky Eastop,00:00.0
607,In hac habitasse platea dictumst.,Grissel McNeillie,00:00.0
29,Suspendisse potenti. In eleifend quam a odio. In hac habitasse platea dictumst.,Shayne Gilyatt,00:00.0
152,"Quisque id justo sit amet sapien dignissim vestibulum. Vestibulum ante ipsum primis in faucibus orci luctus et ultrices posuere cubilia Curae; Nulla dapibus dolor vel est. Donec odio justo, sollicitudin ut, suscipit a, feugiat et, eros. Vestibulum ac est lacinia nisi venenatis tristique. Fusce congue, diam id ornare imperdiet, sapien urna pretium nisl, ut volutpat sapien arcu sed augue.",Diana Dowbakin,00:00.0
244,"Nam nulla. Integer pede justo, lacinia eget, tincidunt eget, tempus vel, pede. Morbi porttitor lorem id ligula.",Zorah Remmers,00:00.0
212,Integer tincidunt ante vel ipsum. Praesent blandit lacinia erat.,Tore Lethlay,00:00.0
328,Etiam justo. Etiam pretium iaculis justo. In hac habitasse platea dictumst.,Konstantin Karoly,00:00.0
447,Vivamus tortor. Duis mattis egestas metus. Aenean fermentum. Donec ut mauris eget massa tempor convallis.,Maggie Wigley,00:00.0
457,Vivamus tortor. Duis mattis egestas metus. Aenean fermentum. Donec ut mauris eget massa tempor convallis.,Milton Alflatt,00:00.0
365,"Duis mattis egestas metus. Aenean fermentum. Donec ut mauris eget massa tempor convallis. Nulla neque libero, convallis eget, eleifend luctus, ultricies eu, nibh.",Itch Baud,00:00.0
264,Nulla suscipit ligula in lacus.,Phillipp Zambon,00:00.0
179,"Mauris enim leo, rhoncus sed, vestibulum sit amet, cursus id, turpis. Integer aliquet, massa id lobortis convallis, tortor risus dapibus augue, vel accumsan tellus nisi eu orci. Mauris lacinia sapien quis libero. Nullam sit amet turpis elementum ligula vehicula consequat.",Ruby Cosker,00:00.0
132,"Suspendisse potenti. Cras in purus eu magna vulputate luctus. Cum sociis natoque penatibus et magnis dis parturient montes, nascetur ridiculus mus. Vivamus vestibulum sagittis sapien.",Lacee Lakey,00:00.0
104,"Nam congue, risus semper porta volutpat, quam pede lobortis ligula, sit amet eleifend pede libero quis orci. Nullam molestie nibh in lectus. Pellentesque at nulla. Suspendisse potenti. Cras in purus eu magna vulputate luctus.",Sherrie Giacopazzi,00:00.0
672,Suspendisse potenti. In eleifend quam a odio. In hac habitasse platea dictumst. Maecenas ut massa quis augue luctus tincidunt.,Emmy Bellamy,00:00.0
735,"Donec posuere metus vitae ipsum. Aliquam non mauris. Morbi non lectus. Aliquam sit amet diam in magna bibendum imperdiet. Nullam orci pede, venenatis non, sodales sed, tincidunt eu, felis.",Baryram Abele,00:00.0
983,"Cras pellentesque volutpat dui. Maecenas tristique, est et tempus semper, est quam pharetra magna, ac consequat metus sapien ut nunc. Vestibulum ante ipsum primis in faucibus orci luctus et ultrices posuere cubilia Curae; Mauris viverra diam vitae quam. Suspendisse potenti.",Valle Gristhwaite,00:00.0
646,Morbi non quam nec dui luctus rutrum.,Lorraine Morsom,00:00.0
646,Morbi non quam nec dui luctus rutrum.,Silas Byron,00:00.0
153,Aenean auctor gravida sem. Praesent id massa id nisl venenatis lacinia. Aenean sit amet justo. Morbi ut odio.,Sibel Dozdill,00:00.0
114,In quis justo.,Farris Raspel,00:00.0
115,Suspendisse ornare consequat lectus.,Gib Meaking,00:00.0
108,Aenean lectus. Pellentesque eget nunc. Donec quis orci eget orci vehicula condimentum. Curabitur in libero ut massa volutpat convallis.,Viviyan Tant,00:00.0
253,"Aenean fermentum. Donec ut mauris eget massa tempor convallis. Nulla neque libero, convallis eget, eleifend luctus, ultricies eu, nibh. Quisque id justo sit amet sapien dignissim vestibulum. Vestibulum ante ipsum primis in faucibus orci luctus et ultrices posuere cubilia Curae; Nulla dapibus dolor vel est.",Meryl Fortnon,00:00.0
93,"Suspendisse ornare consequat lectus. In est risus, auctor sed, tristique in, tempus sit amet, sem. Fusce consequat. Nulla nisl. Nunc nisl.",Merwyn Floyed,00:00.0
37,"In est risus, auctor sed, tristique in, tempus sit amet, sem. Fusce consequat.",Vikky McArtan,00:00.0
283,Nulla mollis molestie lorem. Quisque ut erat. Curabitur gravida nisi at nibh. In hac habitasse platea dictumst.,Leora Pegg,00:00.0
365,"Duis mattis egestas metus. Aenean fermentum. Donec ut mauris eget massa tempor convallis. Nulla neque libero, convallis eget, eleifend luctus, ultricies eu, nibh.",Phillipp Zambon,00:00.0
395,"Fusce congue, diam id ornare imperdiet, sapien urna pretium nisl, ut volutpat sapien arcu sed augue. Aliquam erat volutpat. In congue.",Brewster Vasyutkin,00:00.0
693,Duis bibendum. Morbi non quam nec dui luctus rutrum. Nulla tellus.,Grissel McNeillie,00:00.0
852,"Nulla neque libero, convallis eget, eleifend luctus, ultricies eu, nibh. Quisque id justo sit amet sapien dignissim vestibulum. Vestibulum ante ipsum primis in faucibus orci luctus et ultrices posuere cubilia Curae; Nulla dapibus dolor vel est. Donec odio justo, sollicitudin ut, suscipit a, feugiat et, eros. Vestibulum ac est lacinia nisi venenatis tristique.",Kellie Upjohn,00:00.0
759,Aenean auctor gravida sem.,Cletis Cowndley,00:00.0
632,"Donec odio justo, sollicitudin ut, suscipit a, feugiat et, eros. Vestibulum ac est lacinia nisi venenatis tristique. Fusce congue, diam id ornare imperdiet, sapien urna pretium nisl, ut volutpat sapien arcu sed augue.",Robinet Greening,00:00.0
655,Vestibulum sed magna at nunc commodo placerat. Praesent blandit. Nam nulla.,Stefania Inde,00:00.0
657,Nulla tellus. In sagittis dui vel nisl. Duis ac nibh.,Suzann Verduin,00:00.0
449,"Proin interdum mauris non ligula pellentesque ultrices. Phasellus id sapien in sapien iaculis congue. Vivamus metus arcu, adipiscing molestie, hendrerit at, vulputate vitae, nisl. Aenean lectus. Pellentesque eget nunc.",Darwin Billingsley,00:00.0
107,"Nulla ac enim. In tempor, turpis nec euismod scelerisque, quam turpis adipiscing lorem, vitae mattis nibh ligula nec sem.",Zeb Gorini,00:00.0
110,Nam dui.,Marga McClurg,00:00.0
919,Praesent blandit lacinia erat. Vestibulum sed magna at nunc commodo placerat. Praesent blandit.,Jerry Ivchenko,00:00.0
885,Aliquam sit amet diam in magna bibendum imperdiet.,Cosetta Oliveira,00:00.0
92,Vivamus vel nulla eget eros elementum pellentesque. Quisque porta volutpat erat.,Vaclav Gillet,00:00.0
418,Duis ac nibh.,Camila Thorold,00:00.0
678,Duis mattis egestas metus.,Morganne Screas,00:00.0
613,"Quisque porta volutpat erat. Quisque erat eros, viverra eget, congue eget, semper rutrum, nulla. Nunc purus.",Itch Baud,00:00.0
597,"Donec vitae nisi. Nam ultrices, libero non mattis pulvinar, nulla pede ullamcorper augue, a suscipit nulla elit ac nulla. Sed vel enim sit amet nunc viverra dapibus. Nulla suscipit ligula in lacus. Curabitur at ipsum ac tellus semper interdum.",Lorrie Geake,00:00.0
564,"Nullam orci pede, venenatis non, sodales sed, tincidunt eu, felis. Fusce posuere felis sed lacus. Morbi sem mauris, laoreet ut, rhoncus aliquet, pulvinar sed, nisl. Nunc rhoncus dui vel sem.",Red Berge,00:00.0
545,"Fusce consequat. Nulla nisl. Nunc nisl. Duis bibendum, felis sed interdum venenatis, turpis enim blandit mi, in porttitor pede justo eu massa.",Foss Caveau,00:00.0
781,"Morbi vestibulum, velit id pretium iaculis, diam erat fermentum justo, nec condimentum neque sapien placerat ante.",Christoffer Cutriss,00:00.0
