BorrowerID,FirstName,LastName,Email,BorrowedBooks
791,Irwinn,Gerhts,igerhtsly@google.nl,5
762,Sherrie,Giacopazzi,sgiacopazzil5@zdnet.com,4
769,Phillipp,Zambon,pzambonlc@sakura.ne.jp,3
525,Noelyn,Grutchfield,ngrutchfieldek@google.ca,3
750,Dawna,Wilbraham,dwilbrahamkt@shop-pro.jp,3
711,Georgianne,Nottingham,gnottinghamjq@buzzfeed.com,3
743,Darice,Corrington,dcorringtonkm@1688.com,3
608,Edeline,Aimeric,eaimericgv@gnu.org,3
546,Lela,Atteridge,latteridgef5@webeden.co.uk,3
687,Fremont,Dancy,fdancyj2@surveymonkey.com,3
949,Clementius,Campkin,ccampkinqc@newsvine.com,3
955,Kylynn,Lyver,klyverqi@zimbio.com,3
785,Corrine,Franschini,cfranschinils@trellian.com,3
797,Tris,Franchioni,tfranchionim4@howstuffworks.com,3
852,Jerry,Ivchenko,jivchenkonn@weebly.com,3
890,Brewster,Vasyutkin,bvasyutkinop@ft.com,3
10,Yard,Epinoy,yepinoy9@jalbum.net,3
20,Haleigh,Gremane,hgremanej@bloglines.com,3
52,Kori,Bould,kbould1f@admin.ch,3
7,Putnem,Deddum,pdeddum6@huffingtonpost.com,3
74,Bernadine,Duddle,bduddle21@google.co.uk,3
89,Doralyn,Sidebotham,dsidebotham2g@myspace.com,3
99,Kerianne,Hairon,khairon2q@nifty.com,3
129,Emmy,Bellamy,ebellamy3k@apache.org,3
173,Pansie,Cogger,pcogger4s@flavors.me,3
227,Cletis,Cowndley,ccowndley6a@free.fr,3
229,Cyrillus,Fridlington,cfridlington6c@soup.io,3
294,Jobyna,Grayshon,jgrayshon85@seesaa.net,3
384,Maje,Rozenzweig,mrozenzweigan@vkontakte.ru,3
166,Hagan,Spavon,hspavon4l@jalbum.net,3
255,Wandis,Stockwell,wstockwell72@geocities.com,3
453,Tasia,Bucky,tbuckyck@blogtalkradio.com,3
488,Randy,Bosse,rbossedj@addthis.com,3
490,Martynne,Guerriero,mguerrierodl@cornell.edu,3
274,Corie,Alty,calty7l@linkedin.com,3
278,Farris,Raspel,fraspel7p@geocities.com,3
510,Lyman,Kettlesing,lkettlesinge5@mashable.com,3
514,Kylen,Deakin,kdeakine9@angelfire.com,2
281,Lynde,Wooller,lwooller7s@umich.edu,2
496,Felix,Spurrior,fspurriordr@usgs.gov,2
497,Sibel,Dozdill,sdozdillds@ibm.com,2
500,Alexandrina,Gunner,agunnerdv@virginia.edu,2
504,Yankee,Awde,yawdedz@google.com,2
461,Giordano,McCardle,gmccardlecs@example.com,2
470,Ray,Fearne,rfearned1@posterous.com,2
475,Derward,Castilla,dcastillad6@newyorker.com,2
479,Brod,Bignold,bbignoldda@goo.ne.jp,2
272,Anjela,Cleatherow,acleatherow7j@indiatimes.com,2
170,Darin,Saban,dsaban4p@ezinearticles.com,2
172,Lari,Lexa,llexa4r@tamu.edu,2
392,Dev,Hrinchishin,dhrinchishinav@senate.gov,2
401,Roy,Sommersett,rsommersettb4@digg.com,2
410,Lauren,Santarelli,lsantarellibd@over-blog.com,2
414,Darwin,Billingsley,dbillingsleybh@gov.uk,2
418,Georgie,Kilfedder,gkilfedderbl@skyrock.com,2
420,Weidar,Pettinger,wpettingerbn@wsj.com,2
423,Mora,Goldthorp,mgoldthorpbq@bbc.co.uk,2
435,Lucian,Silbert,lsilbertc2@instagram.com,2
439,Cece,Bradbeer,cbradbeerc6@slideshare.net,2
444,Tiffie,Gawthorpe,tgawthorpecb@nba.com,2
448,Martyn,Brosch,mbroschcf@examiner.com,2
299,Nelly,Alejandre,nalejandre8a@github.io,2
319,Ignaz,Wyles,iwyles8u@symantec.com,2
327,Garold,Lockery,glockery92@sourceforge.net,2
334,Kane,Sapey,ksapey99@yale.edu,2
338,Any,Ferre,aferre9d@g.co,2
343,Torre,Bradmore,tbradmore9i@independent.co.uk,2
350,Nickolai,Hallagan,nhallagan9p@youtube.com,2
352,Federica,Lesaunier,flesaunier9r@nasa.gov,2
356,Loutitia,Caskie,lcaskie9v@prweb.com,2
363,Aileen,Cusiter,acusitera2@google.com.br,2
368,Orelee,McJerrow,omcjerrowa7@usatoday.com,2
380,Sansone,Chooter,schooteraj@arizona.edu,2
382,Antonina,Burwin,aburwinal@cpanel.net,2
242,Siward,Speedy,sspeedy6p@alexa.com,2
246,Yancey,Fursland,yfursland6t@nps.gov,2
249,Farlay,Kleinstein,fkleinstein6w@wikipedia.org,2
182,Dagny,Skinner,dskinner51@qq.com,2
188,Kacie,Speake,kspeake57@tumblr.com,2
190,Gherardo,St. Quentin,gstquentin59@1und1.de,2
209,Merv,Stains,mstains5s@bbb.org,2
218,Lenette,Conre,lconre61@instagram.com,2
149,Drusie,Gronous,dgronous44@tamu.edu,2
151,Sancho,Taaffe,staaffe46@state.gov,2
159,Claudio,Worman,cworman4e@fda.gov,2
110,Heath,Mackstead,hmackstead31@feedburner.com,2
115,Minerva,Measen,mmeasen36@wikipedia.org,2
97,Danella,Colter,dcolter2o@intel.com,2
78,Angela,De Clairmont,adeclairmont25@shinystat.com,2
86,Stormi,Kleinbaum,skleinbaum2d@facebook.com,2
9,Niccolo,Golson,ngolson8@istockphoto.com,2
53,Carver,Navarre,cnavarre1g@independent.co.uk,2
64,Rufe,Steggals,rsteggals1r@macromedia.com,2
67,Mitchell,Danick,mdanick1u@digg.com,2
73,Derek,Bartozzi,dbartozzi20@businessweek.com,2
23,Felic,Stansbury,fstansburym@photobucket.com,2
28,Lanae,Pirson,lpirsonr@timesonline.co.uk,2
30,Roby,Mara,rmarat@vkontakte.ru,2
43,Morganne,Screas,mscreas16@aol.com,2
44,Kynthia,Barriball,kbarriball17@va.gov,2
13,Aundrea,Realph,arealphc@unicef.org,2
15,Berthe,Flintoffe,bflintoffee@google.co.jp,2
18,Devonna,Happert,dhapperth@biglobe.ne.jp,2
899,Jerrilyn,Bottby,jbottbyoy@smh.com.au,2
901,Milton,Alflatt,malflattp0@angelfire.com,2
903,Allene,Stainton,astaintonp2@wufoo.com,2
906,Allyn,Cammell,acammellp5@weebly.com,2
910,Gwendolyn,Gartshore,ggartshorep9@topsy.com,2
916,Freddy,Valek,fvalekpf@bluehost.com,2
921,Tybie,Badby,tbadbypk@columbia.edu,2
934,Gail,Vanyukhin,gvanyukhinpx@addthis.com,2
937,Diana,Dowbakin,ddowbakinq0@telegraph.co.uk,2
944,Thorpe,Harbron,tharbronq7@shareasale.com,2
861,Sam,Jorry,sjorrynw@nature.com,2
870,Dalt,Lunn,dlunno5@is.gd,2
876,Harriet,Scard,hscardob@hatena.ne.jp,2
879,Franky,Lauchlan,flauchlanoe@wired.com,2
880,Adi,Sickling,asicklingof@goodreads.com,2
799,Vikky,McArtan,vmcartanm6@microsoft.com,2
805,Coop,Phelit,cphelitmc@illinois.edu,2
815,Stephenie,Shinn,sshinnmm@opensource.org,2
838,Alessandra,Bigly,abiglyn9@prweb.com,2
846,Berk,Mozzetti,bmozzettinh@icio.us,2
850,Viola,Griffithe,vgriffithenl@unesco.org,2
962,Zeb,Gorini,zgoriniqp@mayoclinic.com,2
966,Byron,Sterman,bstermanqt@nsw.gov.au,2
968,Amii,Sidwell,asidwellqv@amazonaws.com,2
983,Derward,Anglim,danglimra@list-manage.com,2
953,Gifford,Brettelle,gbrettelleqg@bandcamp.com,2
954,Daryl,Kale,dkaleqh@merriam-webster.com,2
793,Celina,Merlin,cmerlinm0@addtoany.com,2
701,Merwyn,Floyed,mfloyedjg@arizona.edu,2
702,Dene,Grishukhin,dgrishukhinjh@desdev.cn,2
706,Jesselyn,Werner,jwernerjl@miibeian.gov.cn,2
708,Athene,Bushrod,abushrodjn@constantcontact.com,2
549,Elfreda,Simond,esimondf8@ow.ly,2
557,Grace,Ganforthe,gganforthefg@squidoo.com,2
580,Garret,Tringham,gtringhamg3@bandcamp.com,2
589,Griff,Heams,gheamsgc@mozilla.org,2
606,Nicolina,Brager,nbragergt@weebly.com,2
616,Dallas,Alvy,dalvyh3@dailymotion.com,2
618,Grissel,McNeillie,gmcneillieh5@discuz.net,2
627,Diana,Boadby,dboadbyhe@sitemeter.com,2
631,Fiann,Leif,fleifhi@nifty.com,2
642,Lorraine,Morsom,lmorsomht@mashable.com,2
644,Pearl,Zoephel,pzoephelhv@posterous.com,2
645,Lynda,Swansborough,lswansboroughhw@php.net,2
647,Sacha,Bahlmann,sbahlmannhy@bloglines.com,2
649,Charmane,Kroin,ckroini0@prweb.com,2
662,Chariot,Altofts,caltoftsid@wordpress.com,2
663,Janot,Burlay,jburlayie@mysql.com,2
668,Bail,Ilyunin,bilyuninij@etsy.com,2
674,Lorinda,d' Elboux,ldelbouxip@nbcnews.com,2
745,Piper,Botha,pbothako@comcast.net,2
747,Hamil,Allabarton,hallabartonkq@unesco.org,2
748,Gardner,Greatreax,ggreatreaxkr@comsenz.com,2
749,Maddalena,Rugge,mruggeks@cloudflare.com,2
715,Miguel,Bogges,mboggesju@tiny.cc,2
717,Luce,Lettsom,llettsomjw@1und1.de,2
738,Bessy,Francillo,bfrancillokh@tmall.com,2
759,Saba,Reven,srevenl2@marriott.com,2
760,Kiley,Bener,kbenerl3@berkeley.edu,2
544,Imogene,Crichmer,icrichmerf3@barnesandnoble.com,2
771,Katha,Shave,kshavele@trellian.com,2
775,Agosto,Dury,aduryli@bing.com,2
767,Shelton,Ellar,sellarla@baidu.com,2
768,Cory,Championnet,cchampionnetlb@wikispaces.com,2
