BorrowerID,FirstName,LastName,Email,BorrowedBooks,BorrowerRank
510,Lyman,Kettlesing,lkettlesinge5@mashable.com,5,1
546,Lela,Atteridge,latteridgef5@webeden.co.uk,5,1
785,Corrine,Franschini,cfranschinils@trellian.com,5,1
791,Irwinn,Gerhts,igerhtsly@google.nl,5,1
797,Tris,Franchioni,tfranchionim4@howstuffworks.com,4,5
762,Sherrie,Giacopazzi,sgiacopazzil5@zdnet.com,4,5
525,Noelyn,Grutchfield,ngrutchfieldek@google.ca,4,5
514,Kylen,Deakin,kdeakine9@angelfire.com,4,5
608,Edeline,Aimeric,eaimericgv@gnu.org,4,5
645,Lynda,Swansborough,lswansboroughhw@php.net,4,5
702,Dene,Grishukhin,dgrishukhinjh@desdev.cn,4,5
7,Putnem,Deddum,pdeddum6@huffingtonpost.com,4,5
20,Haleigh,Gremane,hgremanej@bloglines.com,4,5
52,Kori,Bould,kbould1f@admin.ch,4,5
89,Doralyn,Sidebotham,dsidebotham2g@myspace.com,4,5
99,Kerianne,Hairon,khairon2q@nifty.com,4,5
172,Lari,Lexa,llexa4r@tamu.edu,4,5
209,Merv,Stains,mstains5s@bbb.org,4,5
229,Cyrillus,Fridlington,cfridlington6c@soup.io,4,5
274,Corie,Alty,calty7l@linkedin.com,4,5
384,Maje,Rozenzweig,mrozenzweigan@vkontakte.ru,4,5
488,Randy,Bosse,rbossedj@addthis.com,4,5
490,Martynne,Guerriero,mguerrierodl@cornell.edu,3,23
453,Tasia,Bucky,tbuckyck@blogtalkradio.com,3,23
278,Farris,Raspel,fraspel7p@geocities.com,3,23
255,Wandis,Stockwell,wstockwell72@geocities.com,3,23
294,Jobyna,Grayshon,jgrayshon85@seesaa.net,3,23
299,Nelly,Alejandre,nalejandre8a@github.io,3,23
327,Garold,Lockery,glockery92@sourceforge.net,3,23
334,Kane,Sapey,ksapey99@yale.edu,3,23
352,Federica,Lesaunier,flesaunier9r@nasa.gov,3,23
357,Kellie,Upjohn,kupjohn9w@clickbank.net,3,23
227,Cletis,Cowndley,ccowndley6a@free.fr,3,23
247,Gaston,Sirl,gsirl6u@topsy.com,3,23
197,Damaris,McLeary,dmcleary5g@furl.net,3,23
173,Pansie,Cogger,pcogger4s@flavors.me,3,23
159,Claudio,Worman,cworman4e@fda.gov,3,23
166,Hagan,Spavon,hspavon4l@jalbum.net,3,23
129,Emmy,Bellamy,ebellamy3k@apache.org,3,23
151,Sancho,Taaffe,staaffe46@state.gov,3,23
110,Heath,Mackstead,hmackstead31@feedburner.com,3,23
97,Danella,Colter,dcolter2o@intel.com,3,23
64,Rufe,Steggals,rsteggals1r@macromedia.com,3,23
74,Bernadine,Duddle,bduddle21@google.co.uk,3,23
49,Hephzibah,Winchcomb,hwinchcomb1c@w3.org,3,23
43,Morganne,Screas,mscreas16@aol.com,3,23
44,Kynthia,Barriball,kbarriball17@va.gov,3,23
23,Felic,Stansbury,fstansburym@photobucket.com,3,23
10,Yard,Epinoy,yepinoy9@jalbum.net,3,23
701,Merwyn,Floyed,mfloyedjg@arizona.edu,3,23
711,Georgianne,Nottingham,gnottinghamjq@buzzfeed.com,3,23
674,Lorinda,d' Elboux,ldelbouxip@nbcnews.com,3,23
687,Fremont,Dancy,fdancyj2@surveymonkey.com,3,23
666,Ronna,Turley,rturleyih@indiegogo.com,3,23
623,Kristine,Pounds,kpoundsha@addthis.com,3,23
618,Grissel,McNeillie,gmcneillieh5@discuz.net,3,23
521,Yoshi,Warrener,ywarrenereg@disqus.com,3,23
529,Cale,Manuely,cmanuelyeo@histats.com,3,23
543,Maude,Ramel,mramelf2@qq.com,3,23
557,Grace,Ganforthe,gganforthefg@squidoo.com,3,23
760,Kiley,Bener,kbenerl3@berkeley.edu,3,23
750,Dawna,Wilbraham,dwilbrahamkt@shop-pro.jp,3,23
756,Leora,Pegg,lpeggkz@jugem.jp,3,23
764,Frans,Aristide,faristidel7@youku.com,3,23
768,Cory,Championnet,cchampionnetlb@wikispaces.com,3,23
769,Phillipp,Zambon,pzambonlc@sakura.ne.jp,3,23
771,Katha,Shave,kshavele@trellian.com,3,23
717,Luce,Lettsom,llettsomjw@1und1.de,3,23
736,Ansell,Svanini,asvaninikf@geocities.com,3,23
743,Darice,Corrington,dcorringtonkm@1688.com,3,23
852,Jerry,Ivchenko,jivchenkonn@weebly.com,3,23
890,Brewster,Vasyutkin,bvasyutkinop@ft.com,3,23
899,Jerrilyn,Bottby,jbottbyoy@smh.com.au,3,23
901,Milton,Alflatt,malflattp0@angelfire.com,3,23
934,Gail,Vanyukhin,gvanyukhinpx@addthis.com,3,23
949,Clementius,Campkin,ccampkinqc@newsvine.com,3,23
953,Gifford,Brettelle,gbrettelleqg@bandcamp.com,3,23
955,Kylynn,Lyver,klyverqi@zimbio.com,3,23
972,Carin,Dauney,cdauneyqz@opera.com,3,23
983,Derward,Anglim,danglimra@list-manage.com,2,80
962,Zeb,Gorini,zgoriniqp@mayoclinic.com,2,80
948,Arv,Newarte,anewarteqb@rakuten.co.jp,2,80
954,Daryl,Kale,dkaleqh@merriam-webster.com,2,80
966,Byron,Sterman,bstermanqt@nsw.gov.au,2,80
968,Amii,Sidwell,asidwellqv@amazonaws.com,2,80
969,Alaric,Gregorio,agregorioqw@wunderground.com,2,80
944,Thorpe,Harbron,tharbronq7@shareasale.com,2,80
906,Allyn,Cammell,acammellp5@weebly.com,2,80
908,Rozalin,Larham,rlarhamp7@scribd.com,2,80
910,Gwendolyn,Gartshore,ggartshorep9@topsy.com,2,80
903,Allene,Stainton,astaintonp2@wufoo.com,2,80
916,Freddy,Valek,fvalekpf@bluehost.com,2,80
921,Tybie,Badby,tbadbypk@columbia.edu,2,80
937,Diana,Dowbakin,ddowbakinq0@telegraph.co.uk,2,80
876,Harriet,Scard,hscardob@hatena.ne.jp,2,80
879,Franky,Lauchlan,flauchlanoe@wired.com,2,80
880,Adi,Sickling,asicklingof@goodreads.com,2,80
838,Alessandra,Bigly,abiglyn9@prweb.com,2,80
840,Ester,Truse,etrusenb@house.gov,2,80
846,Berk,Mozzetti,bmozzettinh@icio.us,2,80
767,Shelton,Ellar,sellarla@baidu.com,2,80
850,Viola,Griffithe,vgriffithenl@unesco.org,2,80
859,Earlie,Stidston,estidstonnu@hibu.com,2,80
860,Vilhelmina,Hadcock,vhadcocknv@independent.co.uk,2,80
861,Sam,Jorry,sjorrynw@nature.com,2,80
870,Dalt,Lunn,dlunno5@is.gd,2,80
745,Piper,Botha,pbothako@comcast.net,2,80
747,Hamil,Allabarton,hallabartonkq@unesco.org,2,80
748,Gardner,Greatreax,ggreatreaxkr@comsenz.com,2,80
749,Maddalena,Rugge,mruggeks@cloudflare.com,2,80
738,Bessy,Francillo,bfrancillokh@tmall.com,2,80
728,Editha,January,ejanuaryk7@cloudflare.com,2,80
765,Jeth,Barnshaw,jbarnshawl8@livejournal.com,2,80
759,Saba,Reven,srevenl2@marriott.com,2,80
836,Emmeline,Christofides,echristofidesn7@microsoft.com,2,80
805,Coop,Phelit,cphelitmc@illinois.edu,2,80
815,Stephenie,Shinn,sshinnmm@opensource.org,2,80
818,Miguel,Dunstall,mdunstallmp@foxnews.com,2,80
793,Celina,Merlin,cmerlinm0@addtoany.com,2,80
795,Donielle,Popelay,dpopelaym2@gnu.org,2,80
796,Cherice,Punt,cpuntm3@t.co,2,80
799,Vikky,McArtan,vmcartanm6@microsoft.com,2,80
775,Agosto,Dury,aduryli@bing.com,2,80
776,Charlie,Hurdis,churdislj@chronoengine.com,2,80
544,Imogene,Crichmer,icrichmerf3@barnesandnoble.com,2,80
549,Elfreda,Simond,esimondf8@ow.ly,2,80
531,Lacee,Lakey,llakeyeq@skype.com,2,80
536,Ricoriki,Ary,raryev@imgur.com,2,80
518,Marrilee,Gaspar,mgaspared@simplemachines.org,2,80
496,Felix,Spurrior,fspurriordr@usgs.gov,2,80
497,Sibel,Dozdill,sdozdillds@ibm.com,2,80
500,Alexandrina,Gunner,agunnerdv@virginia.edu,2,80
504,Yankee,Awde,yawdedz@google.com,2,80
542,Hastie,Barlow,hbarlowf1@webmd.com,2,80
606,Nicolina,Brager,nbragergt@weebly.com,2,80
589,Griff,Heams,gheamsgc@mozilla.org,2,80
595,Ali,Stainfield,astainfieldgi@berkeley.edu,2,80
597,Marysa,Clymo,mclymogk@disqus.com,2,80
560,Evangelia,Abell,eabellfj@discovery.com,2,80
569,Gaby,Marshall,gmarshallfs@walmart.com,2,80
580,Garret,Tringham,gtringhamg3@bandcamp.com,2,80
566,Terrence,Zipsell,tzipsellfp@illinois.edu,2,80
587,Molly,Potebury,mpoteburyga@dailymotion.com,2,80
627,Diana,Boadby,dboadbyhe@sitemeter.com,2,80
629,Kurtis,Bitten,kbittenhg@nymag.com,2,80
631,Fiann,Leif,fleifhi@nifty.com,2,80
635,Wrennie,Lyfield,wlyfieldhm@harvard.edu,2,80
642,Lorraine,Morsom,lmorsomht@mashable.com,2,80
616,Dallas,Alvy,dalvyh3@dailymotion.com,2,80
644,Pearl,Zoephel,pzoephelhv@posterous.com,2,80
667,Sansone,Foan,sfoanii@fda.gov,2,80
668,Bail,Ilyunin,bilyuninij@etsy.com,2,80
661,Crichton,Magovern,cmagovernic@storify.com,2,80
662,Chariot,Altofts,caltoftsid@wordpress.com,2,80
663,Janot,Burlay,jburlayie@mysql.com,2,80
665,Cari,Suero,csueroig@mayoclinic.com,2,80
646,Giordano,Uzielli,guziellihx@reuters.com,2,80
647,Sacha,Bahlmann,sbahlmannhy@bloglines.com,2,80
649,Charmane,Kroin,ckroini0@prweb.com,2,80
679,Korney,Cusack,kcusackiu@plala.or.jp,2,80
680,Beverie,Giaomozzo,bgiaomozzoiv@usnews.com,2,80
705,Tore,Lethlay,tlethlayjk@nps.gov,2,80
706,Jesselyn,Werner,jwernerjl@miibeian.gov.cn,2,80
708,Athene,Bushrod,abushrodjn@constantcontact.com,2,80
715,Miguel,Bogges,mboggesju@tiny.cc,2,80
13,Aundrea,Realph,arealphc@unicef.org,2,80
9,Niccolo,Golson,ngolson8@istockphoto.com,2,80
25,Ervin,Francisco,efranciscoo@usa.gov,2,80
28,Lanae,Pirson,lpirsonr@timesonline.co.uk,2,80
21,Baryram,Abele,babelek@oakley.com,2,80
15,Berthe,Flintoffe,bflintoffee@google.co.jp,2,80
18,Devonna,Happert,dhapperth@biglobe.ne.jp,2,80
30,Roby,Mara,rmarat@vkontakte.ru,2,80
36,Tommi,d'Arcy,tdarcyz@photobucket.com,2,80
47,Larissa,Gateley,lgateley1a@imageshack.us,2,80
48,Cletus,Nowak,cnowak1b@alibaba.com,2,80
53,Carver,Navarre,cnavarre1g@independent.co.uk,2,80
55,Theresa,Lukianovich,tlukianovich1i@wp.com,2,80
78,Angela,De Clairmont,adeclairmont25@shinystat.com,2,80
81,Giffard,Shortin,gshortin28@mediafire.com,2,80
67,Mitchell,Danick,mdanick1u@digg.com,2,80
51,Melina,Geraldez,mgeraldez1e@sohu.com,2,80
63,Eva,Dummigan,edummigan1q@nbcnews.com,2,80
58,Gasper,De Maine,gdemaine1l@trellian.com,2,80
73,Derek,Bartozzi,dbartozzi20@businessweek.com,2,80
86,Stormi,Kleinbaum,skleinbaum2d@facebook.com,2,80
148,Bernhard,Arkill,barkill43@google.ru,2,80
149,Drusie,Gronous,dgronous44@tamu.edu,2,80
143,Adriena,Hlavecek,ahlavecek3y@1688.com,2,80
115,Minerva,Measen,mmeasen36@wikipedia.org,2,80
122,Itch,Baud,ibaud3d@mozilla.com,2,80
124,Eydie,Cullingworth,ecullingworth3f@globo.com,2,80
133,Jammal,Krauss,jkrauss3o@mail.ru,2,80
170,Darin,Saban,dsaban4p@ezinearticles.com,2,80
153,Flossy,Dummett,fdummett48@ezinearticles.com,2,80
174,Horton,Whiteside,hwhiteside4t@bravesites.com,2,80
177,Michelle,Malan,mmalan4w@bloglovin.com,2,80
182,Dagny,Skinner,dskinner51@qq.com,2,80
198,Arlen,Legerton,alegerton5h@sina.com.cn,2,80
200,Pauly,Enric,penric5j@yale.edu,2,80
188,Kacie,Speake,kspeake57@tumblr.com,2,80
190,Gherardo,St. Quentin,gstquentin59@1und1.de,2,80
212,Shaina,Sleet,ssleet5v@chicagotribune.com,2,80
213,Kermy,Booij,kbooij5w@dell.com,2,80
218,Lenette,Conre,lconre61@instagram.com,2,80
221,Tammy,Epine,tepine64@myspace.com,2,80
222,Chelsy,Rainer,crainer65@vk.com,2,80
126,Eddi,Barlie,ebarlie3h@amazon.co.uk,2,80
246,Yancey,Fursland,yfursland6t@nps.gov,2,80
242,Siward,Speedy,sspeedy6p@alexa.com,2,80
205,Rochester,Adrain,radrain5o@wisc.edu,2,80
358,Elias,Blick,eblick9x@ovh.net,2,80
363,Aileen,Cusiter,acusitera2@google.com.br,2,80
326,Paulette,Duddin,pduddin91@europa.eu,2,80
356,Loutitia,Caskie,lcaskie9v@prweb.com,2,80
343,Torre,Bradmore,tbradmore9i@independent.co.uk,2,80
347,Inger,Bortoluzzi,ibortoluzzi9m@answers.com,2,80
350,Nickolai,Hallagan,nhallagan9p@youtube.com,2,80
338,Any,Ferre,aferre9d@g.co,2,80
331,Tabbi,Thompson,tthompson96@merriam-webster.com,2,80
322,Simonne,Lillicrap,slillicrap8x@twitter.com,2,80
323,Kennan,Balle,kballe8y@jimdo.com,2,80
319,Ignaz,Wyles,iwyles8u@symantec.com,2,80
320,Shawna,Ralphs,sralphs8v@amazon.co.jp,2,80
249,Farlay,Kleinstein,fkleinstein6w@wikipedia.org,2,80
252,Ross,Broddle,rbroddle6z@amazonaws.com,2,80
259,Coralie,Le Grand,clegrand76@multiply.com,2,80
261,Micaela,Dixcey,mdixcey78@amazon.com,2,80
262,Leanna,Demetr,ldemetr79@addthis.com,2,80
268,Sayres,Prophet,sprophet7f@noaa.gov,2,80
270,Richmond,Heardman,rheardman7h@blog.com,2,80
272,Anjela,Cleatherow,acleatherow7j@indiatimes.com,2,80
281,Lynde,Wooller,lwooller7s@umich.edu,2,80
303,Marika,Luscombe,mluscombe8e@auda.org.au,2,80
454,Bryan,Burnsall,bburnsallcl@behance.net,2,80
461,Giordano,McCardle,gmccardlecs@example.com,2,80
467,Raimondo,Pond-Jones,rpondjonescy@google.co.uk,2,80
468,Tulley,Raylton,trayltoncz@phpbb.com,2,80
470,Ray,Fearne,rfearned1@posterous.com,2,80
485,Ernestus,Dytham,edythamdg@omniture.com,2,80
486,Alessandra,Regis,aregisdh@paginegialle.it,2,80
475,Derward,Castilla,dcastillad6@newyorker.com,2,80
478,Angeline,Simper,asimperd9@wiley.com,2,80
479,Brod,Bignold,bbignoldda@goo.ne.jp,2,80
414,Darwin,Billingsley,dbillingsleybh@gov.uk,2,80
418,Georgie,Kilfedder,gkilfedderbl@skyrock.com,2,80
435,Lucian,Silbert,lsilbertc2@instagram.com,2,80
420,Weidar,Pettinger,wpettingerbn@wsj.com,2,80
439,Cece,Bradbeer,cbradbeerc6@slideshare.net,2,80
441,Debbi,Vannar,dvannarc8@nih.gov,2,80
444,Tiffie,Gawthorpe,tgawthorpecb@nba.com,2,80
448,Martyn,Brosch,mbroschcf@examiner.com,2,80
449,Vivie,Heckner,vhecknercg@twitpic.com,2,80
392,Dev,Hrinchishin,dhrinchishinav@senate.gov,2,80
394,Lilllie,Pirt,lpirtax@nifty.com,2,80
368,Orelee,McJerrow,omcjerrowa7@usatoday.com,2,80
379,Valle,Gristhwaite,vgristhwaiteai@unicef.org,2,80
380,Sansone,Chooter,schooteraj@arizona.edu,2,80
382,Antonina,Burwin,aburwinal@cpanel.net,2,80
401,Roy,Sommersett,rsommersettb4@digg.com,2,80
402,Pernell,Eger,pegerb5@time.com,2,80
403,Morry,Alred,malredb6@gov.uk,2,80
404,Engelbert,Sawers,esawersb7@vimeo.com,2,80
406,Teodoro,Ding,tdingb9@dropbox.com,2,80
410,Lauren,Santarelli,lsantarellibd@over-blog.com,2,80
423,Mora,Goldthorp,mgoldthorpbq@bbc.co.uk,2,80
425,Helsa,Cocklin,hcocklinbs@utexas.edu,2,80
426,Ravi,Mounter,rmounterbt@oaic.gov.au,2,80
427,Glennis,Bisson,gbissonbu@nature.com,2,80
428,Carlos,Barford,cbarfordbv@surveymonkey.com,1,270
429,Godwin,Ivermee,givermeebw@privacy.gov.au,1,270
430,Jess,Borsnall,jborsnallbx@bbb.org,1,270
431,Lara,Woollin,lwoollinby@discovery.com,1,270
434,Brigid,Chaudron,bchaudronc1@topsy.com,1,270
411,Sheba,Arnoldi,sarnoldibe@dedecms.com,1,270
413,Beth,Lodden,bloddenbg@bing.com,1,270
405,Eunice,Aery,eaeryb8@youku.com,1,270
383,Shirline,Minkin,sminkinam@amazon.com,1,270
370,Rossy,Stanbridge,rstanbridgea9@homestead.com,1,270
371,Herbert,Cecil,hcecilaa@netscape.com,1,270
373,Suzann,Verduin,sverduinac@oaic.gov.au,1,270
374,Emeline,Imorts,eimortsad@prlog.org,1,270
376,Mariana,Harkness,mharknessaf@usda.gov,1,270
396,Delmer,Lyenyng,dlyenyngaz@usnews.com,1,270
399,Munroe,Duffill,mduffillb2@shop-pro.jp,1,270
386,Camila,Thorold,cthoroldap@tinypic.com,1,270
387,Konstanze,Chadwen,kchadwenaq@netvibes.com,1,270
388,Friederike,MacKeig,fmackeigar@illinois.edu,1,270
445,Mabel,Geraldini,mgeraldinicc@usa.gov,1,270
447,Tova,Baynam,tbaynamce@springer.com,1,270
442,Nichole,Crighten,ncrightenc9@addtoany.com,1,270
421,Jania,McGriffin,jmcgriffinbo@engadget.com,1,270
422,Marlo,Pirri,mpirribp@dot.gov,1,270
436,Marj,Greim,mgreimc3@gnu.org,1,270
437,Bartolemo,Varnals,bvarnalsc4@umn.edu,1,270
438,Trev,Youens,tyouensc5@ameblo.jp,1,270
419,Siegfried,Meineken,smeinekenbm@etsy.com,1,270
415,Stephenie,Klyner,sklynerbi@hc360.com,1,270
417,Dorette,Kesteven,dkestevenbk@bloomberg.com,1,270
484,Niles,Jenney,njenneydf@moonfruit.com,1,270
477,Otho,Tomasicchio,otomasicchiod8@angelfire.com,1,270
492,Suellen,Potkin,spotkindn@pagesperso-orange.fr,1,270
473,Ardisj,Van Bruggen,avanbruggend4@ft.com,1,270
469,Teador,Raise,traised0@pcworld.com,1,270
464,Meggy,Mandifield,mmandifieldcv@washingtonpost.com,1,270
455,Justen,Ashmore,jashmorecm@state.gov,1,270
305,Audrey,Jeanes,ajeanes8g@army.mil,1,270
306,Oberon,Beswick,obeswick8h@is.gd,1,270
311,Richie,Lineen,rlineen8m@nbcnews.com,1,270
314,Ashil,Gethouse,agethouse8p@ycombinator.com,1,270
316,Ariana,Lockitt,alockitt8r@loc.gov,1,270
317,Toni,Burbidge,tburbidge8s@meetup.com,1,270
318,Serena,Dedrick,sdedrick8t@fotki.com,1,270
282,Simon,Jaycock,sjaycock7t@baidu.com,1,270
283,Virge,Marfell,vmarfell7u@nationalgeographic.com,1,270
284,Armando,Menloe,amenloe7v@istockphoto.com,1,270
285,Ethelyn,Scothron,escothron7w@google.com.br,1,270
287,Rory,Iddy,riddy7y@phpbb.com,1,270
288,Tobit,Hayers,thayers7z@wisc.edu,1,270
289,Marilin,Dyster,mdyster80@msu.edu,1,270
291,Elvina,Miguet,emiguet82@wp.com,1,270
293,June,Hurlston,jhurlston84@illinois.edu,1,270
269,Ebenezer,Clear,eclear7g@youtu.be,1,270
279,Tore,Atcock,tatcock7q@dot.gov,1,270
280,Keely,Elsley,kelsley7r@sitemeter.com,1,270
263,Farand,Giacomozzo,fgiacomozzo7a@imdb.com,1,270
264,Gayel,Cobbin,gcobbin7b@nytimes.com,1,270
265,Jania,Gilbride,jgilbride7c@paginegialle.it,1,270
266,Joyann,Southard,jsouthard7d@ezinearticles.com,1,270
256,Orbadiah,Pepye,opepye73@storify.com,1,270
258,Gearalt,Tindall,gtindall75@ovh.net,1,270
321,Tami,Charity,tcharity8w@huffingtonpost.com,1,270
301,Shandee,Harbord,sharbord8c@ucoz.ru,1,270
295,Kally,MacArdle,kmacardle86@multiply.com,1,270
297,Alicea,Kesteven,akesteven88@time.com,1,270
298,Adelle,Turpie,aturpie89@mozilla.org,1,270
325,Markus,Hazelden,mhazelden90@comsenz.com,1,270
330,Man,Josifovic,mjosifovic95@google.ru,1,270
332,Jeralee,Curran,jcurran97@t.co,1,270
340,Rainer,Winchcum,rwinchcum9f@noaa.gov,1,270
351,Pembroke,Knight,pknight9q@macromedia.com,1,270
344,Kienan,Barde,kbarde9j@amazonaws.com,1,270
346,Foss,Caveau,fcaveau9l@blogs.com,1,270
354,Phaedra,Killoran,pkilloran9t@devhub.com,1,270
364,Marlene,Bravery,mbraverya3@booking.com,1,270
365,Meryl,Fortnon,mfortnona4@omniture.com,1,270
367,Markus,Eckford,meckforda6@g.co,1,270
359,Deborah,Astill,dastill9y@berkeley.edu,1,270
362,Vaclav,Gillet,vgilleta1@fastcompany.com,1,270
206,Care,Repper,crepper5p@angelfire.com,1,270
207,Burnard,Ingarfield,bingarfield5q@wikimedia.org,1,270
210,Gaultiero,Morris,gmorris5t@cbslocal.com,1,270
211,Vina,Pulster,vpulster5u@apache.org,1,270
234,Sheena,Boadby,sboadby6h@csmonitor.com,1,270
235,Henrietta,Parffrey,hparffrey6i@economist.com,1,270
236,Bronson,Archbould,barchbould6j@prweb.com,1,270
237,Cynthie,Wankel,cwankel6k@dagondesign.com,1,270
241,Morgan,Matevushev,mmatevushev6o@wordpress.com,1,270
244,Callida,Sawart,csawart6r@oracle.com,1,270
228,Brien,MacKeever,bmackeever6b@blogger.com,1,270
248,Christoffer,Cutriss,ccutriss6v@freewebs.com,1,270
223,Flora,Saffran,fsaffran66@tuttocitta.it,1,270
225,Arabela,Millea,amillea68@tamu.edu,1,270
226,Peg,Bosworth,pbosworth69@t-online.de,1,270
194,Ana,Westcot,awestcot5d@admin.ch,1,270
195,Dori,Twinberrow,dtwinberrow5e@aol.com,1,270
201,Filip,Skipton,fskipton5k@twitter.com,1,270
203,Freddie,MacCaughen,fmaccaughen5m@ning.com,1,270
184,Dacie,Peirazzi,dpeirazzi53@independent.co.uk,1,270
185,Harris,MacHarg,hmacharg54@rediff.com,1,270
186,Adolphus,Mardle,amardle55@ask.com,1,270
187,Godfry,Warrick,gwarrick56@geocities.com,1,270
178,Chloe,Woan,cwoan4x@networksolutions.com,1,270
181,Howey,Wetherick,hwetherick50@rambler.ru,1,270
154,Lianne,Jolly,ljolly49@xinhuanet.com,1,270
155,Janessa,Clubb,jclubb4a@hexun.com,1,270
156,Willy,Henze,whenze4b@youtube.com,1,270
171,Loella,Coll,lcoll4q@xrea.com,1,270
163,Rebe,Littell,rlittell4i@booking.com,1,270
164,Palmer,Barnhart,pbarnhart4j@dropbox.com,1,270
135,Rene,Dahl,rdahl3q@theglobeandmail.com,1,270
136,Bree,Ahrendsen,bahrendsen3r@cbslocal.com,1,270
137,Brander,Ilsley,bilsley3s@1688.com,1,270
139,Aundrea,Lowrie,alowrie3u@dmoz.org,1,270
142,Kippie,Titherington,ktitherington3x@sina.com.cn,1,270
125,Dru,Butterly,dbutterly3g@ifeng.com,1,270
119,Gwenore,Turfs,gturfs3a@toplist.cz,1,270
120,Gerri,Higgonet,ghiggonet3b@ed.gov,1,270
144,Frannie,Lackney,flackney3z@artisteer.com,1,270
147,Harlan,Alloisi,halloisi42@fc2.com,1,270
131,Alla,McCafferky,amccafferky3m@huffingtonpost.com,1,270
150,Yevette,McGettigan,ymcgettigan45@miitbeian.gov.cn,1,270
152,Shay,Eaglestone,seaglestone47@nyu.edu,1,270
87,Base,Reis,breis2e@wufoo.com,1,270
91,Elyn,O'Growgane,eogrowgane2i@angelfire.com,1,270
94,Zorah,Remmers,zremmers2l@plala.or.jp,1,270
96,Maribelle,Draisey,mdraisey2n@ucla.edu,1,270
111,Clovis,Scud,cscud32@homestead.com,1,270
112,Egbert,Popworth,epopworth33@weather.com,1,270
114,Jenica,Harbinson,jharbinson35@wunderground.com,1,270
101,Jayne,Loy,jloy2s@mozilla.com,1,270
104,Kore,Amott,kamott2v@google.pl,1,270
106,Leonie,Dinsdale,ldinsdale2x@usa.gov,1,270
107,Lesya,McPhillips,lmcphillips2y@163.com,1,270
108,Emmeline,Freire,efreire2z@ucoz.com,1,270
109,Jolene,Belfit,jbelfit30@ihg.com,1,270
59,Brok,Cappell,bcappell1m@google.pl,1,270
60,Lorianna,Goodswen,lgoodswen1n@census.gov,1,270
62,Egan,Grinyakin,egrinyakin1p@mlb.com,1,270
65,Saxe,Sywell,ssywell1s@phoca.cz,1,270
66,Gradey,Brann,gbrann1t@weebly.com,1,270
68,Katleen,Bedburrow,kbedburrow1v@tripadvisor.com,1,270
69,Sharia,Enochsson,senochsson1w@linkedin.com,1,270
72,Wolf,Hathaway,whathaway1z@example.com,1,270
83,Pollyanna,Lewins,plewins2a@moonfruit.com,1,270
84,Pepi,Stoddard,pstoddard2b@diigo.com,1,270
85,Bobbette,Couche,bcouche2c@engadget.com,1,270
57,Augustine,Tempest,atempest1k@utexas.edu,1,270
54,Jerry,Congreave,jcongreave1h@istockphoto.com,1,270
50,Lea,Gosneye,lgosneye1d@quantcast.com,1,270
37,Jefferson,Di Giacomettino,jdigiacomettino10@comsenz.com,1,270
41,Waverley,Southall,wsouthall14@mit.edu,1,270
42,Alphonso,Storrier,astorrier15@illinois.edu,1,270
34,Sheena,Ollivierre,sollivierrex@fotki.com,1,270
45,Konstantin,Karoly,kkaroly18@cdc.gov,1,270
19,Curran,Novotna,cnovotnai@com.com,1,270
29,Winona,Tassell,wtassells@free.fr,1,270
24,Myca,Kerford,mkerfordn@domainmarket.com,1,270
4,Shannan,Ussher,sussher3@prlog.org,1,270
8,Jacky,Eastop,jeastop7@booking.com,1,270
14,Kassia,Fice,kficed@pen.io,1,270
11,Simonne,Arsmith,sarsmitha@netlog.com,1,270
12,Alfonse,Bachmann,abachmannb@ifeng.com,1,270
704,Cally,O'Fihily,cofihilyjj@zimbio.com,1,270
712,Sybille,Bubbear,sbubbearjr@unblog.fr,1,270
713,Ashley,Struis,astruisjs@fda.gov,1,270
714,Audrey,Morphey,amorpheyjt@timesonline.co.uk,1,270
709,Albina,Weeke,aweekejo@rakuten.co.jp,1,270
710,Nickie,Stephens,nstephensjp@gnu.org,1,270
675,Gertrudis,Pawsey,gpawseyiq@oaic.gov.au,1,270
676,Mord,Hazel,mhazelir@tmall.com,1,270
678,Cozmo,Hornbuckle,chornbuckleit@ow.ly,1,270
681,Isidro,Burrage,iburrageiw@twitter.com,1,270
682,Glennis,Scogings,gscogingsix@infoseek.co.jp,1,270
683,Sam,Hauxby,shauxbyiy@discovery.com,1,270
684,Franciska,Rentz,frentziz@1und1.de,1,270
685,Alisha,Duinbleton,aduinbletonj0@adobe.com,1,270
686,Lorne,Gadeaux,lgadeauxj1@ted.com,1,270
688,Anett,Ehrat,aehratj3@t.co,1,270
690,Towney,Trowel,ttrowelj5@chronoengine.com,1,270
692,Orland,Belden,obeldenj7@fc2.com,1,270
693,Hansiain,Norssister,hnorssisterj8@storify.com,1,270
694,Carlin,Kroll,ckrollj9@mapy.cz,1,270
696,Alvera,Vickars,avickarsjb@addtoany.com,1,270
699,Forrest,Hare,fhareje@prnewswire.com,1,270
653,Giulio,Shevelin,gshevelini4@trellian.com,1,270
657,Hanna,Bertelet,hberteleti8@europa.eu,1,270
658,Alasteir,Gritsaev,agritsaevi9@spotify.com,1,270
648,Timofei,Aharoni,taharonihz@examiner.com,1,270
670,Alexio,Cuerda,acuerdail@devhub.com,1,270
672,Gretta,McSweeney,gmcsweeneyin@linkedin.com,1,270
643,Hendrick,Ferruzzi,hferruzzihu@icq.com,1,270
636,Robers,Trumpeter,rtrumpeterhn@diigo.com,1,270
637,Eleonore,Pierrepoint,epierrepointho@springer.com,1,270
638,Lolita,Emes,lemeshp@etsy.com,1,270
640,Valentijn,Weymouth,vweymouthhr@creativecommons.org,1,270
641,Vally,Smewings,vsmewingshs@scientificamerican.com,1,270
634,Grady,Farbrother,gfarbrotherhl@123-reg.co.uk,1,270
630,Zitella,Le Franc,zlefranchh@princeton.edu,1,270
628,Red,Berge,rbergehf@mashable.com,1,270
624,Curcio,Pittem,cpittemhb@wiley.com,1,270
588,Konrad,Lamming,klamminggb@free.fr,1,270
567,Gib,Meaking,gmeakingfq@linkedin.com,1,270
581,Dean,Dymoke,ddymokeg4@cafepress.com,1,270
585,Dewitt,Heimann,dheimanng8@vimeo.com,1,270
586,Kaitlin,Bertwistle,kbertwistleg9@shareasale.com,1,270
574,Maggie,Wigley,mwigleyfx@myspace.com,1,270
575,Sayre,Shewery,ssheweryfy@shutterfly.com,1,270
576,Clary,Crayker,ccraykerfz@cdc.gov,1,270
577,Christiane,Kemmer,ckemmerg0@desdev.cn,1,270
562,Vikki,Dimnage,vdimnagefl@yelp.com,1,270
563,Rossy,Rawstorn,rrawstornfm@narod.ru,1,270
564,Mamie,Bensusan,mbensusanfn@over-blog.com,1,270
598,Nata,Ilson,nilsongl@slate.com,1,270
600,Cary,Beek,cbeekgn@baidu.com,1,270
603,Pierson,Nieass,pnieassgq@ebay.com,1,270
604,Doralin,Deetch,ddeetchgr@salon.com,1,270
605,Sly,Patterson,spattersongs@nymag.com,1,270
591,Brinna,Danet,bdanetge@shutterfly.com,1,270
592,Gabriella,Burrows,gburrowsgf@feedburner.com,1,270
593,Kinsley,Rouby,kroubygg@microsoft.com,1,270
594,Gilemette,Hibling,ghiblinggh@privacy.gov.au,1,270
619,Jaye,Sclater,jsclaterh6@e-recht24.de,1,270
621,Flor,Cuttler,fcuttlerh8@kickstarter.com,1,270
611,Pall,Joska,pjoskagy@lycos.com,1,270
612,Marga,McClurg,mmcclurggz@weebly.com,1,270
613,El,McNeil,emcneilh0@mashable.com,1,270
615,Michel,Ellul,mellulh2@craigslist.org,1,270
505,Robinet,Greening,rgreeninge0@cbslocal.com,1,270
506,Irene,Stote,istotee1@printfriendly.com,1,270
508,Alexa,Villar,avillare3@nydailynews.com,1,270
501,Drusi,Linsay,dlinsaydw@ucoz.ru,1,270
498,Neala,Gartshore,ngartshoredt@eepurl.com,1,270
520,Symon,Brignell,sbrignellef@reference.com,1,270
523,Justino,Pesic,jpesicei@purevolume.com,1,270
524,Kristoffer,Dowe,kdoweej@redcross.org,1,270
516,Abbott,Drysdell,adrysdelleb@gravatar.com,1,270
517,Marillin,Ericsson,mericssonec@uol.com.br,1,270
512,Quinta,Merrin,qmerrine7@w3.org,1,270
513,Marlo,Brewett,mbrewette8@moonfruit.com,1,270
539,Phelia,Corragan,pcorraganey@vk.com,1,270
541,Langston,Dubois,lduboisf0@berkeley.edu,1,270
527,Garreth,Francioli,gfrancioliem@java.com,1,270
528,Lyda,Delamaine,ldelamaineen@prlog.org,1,270
534,Neilla,Faherty,nfahertyet@skyrock.com,1,270
535,Skipper,Brough,sbrougheu@rambler.ru,1,270
552,Yuma,Gaskoin,ygaskoinfb@about.com,1,270
554,Ethelind,Woolrich,ewoolrichfd@histats.com,1,270
555,Shayne,Gilyatt,sgilyattfe@amazon.co.uk,1,270
556,Geri,Blucher,gblucherff@twitter.com,1,270
545,Corabella,Lynds,clyndsf4@ycombinator.com,1,270
559,Lorin,Odde,loddefi@ucoz.com,1,270
778,Ora,Roderighi,oroderighill@gizmodo.com,1,270
779,Olenka,Chark,ocharklm@youku.com,1,270
781,Henderson,Mechan,hmechanlo@360.cn,1,270
782,Neda,Venmore,nvenmorelp@bizjournals.com,1,270
786,Leanora,Zapater,lzapaterlt@moonfruit.com,1,270
787,Brandon,Ryder,bryderlu@wired.com,1,270
789,Tabbie,Skingley,tskingleylw@dmoz.org,1,270
790,Pierson,Stickels,pstickelslx@stumbleupon.com,1,270
801,Berget,Comben,bcombenm8@plala.or.jp,1,270
802,Barbara,Duffan,bduffanm9@storify.com,1,270
804,Jaquenetta,Stenners,jstennersmb@4shared.com,1,270
819,Cosetta,Oliveira,coliveiramq@twitpic.com,1,270
820,Silas,Byron,sbyronmr@businessinsider.com,1,270
822,Ira,Wharmby,iwharmbymt@reddit.com,1,270
823,Delora,Rawe,drawemu@reddit.com,1,270
824,Adolph,Westlake,awestlakemv@vk.com,1,270
826,Douglass,MacCartair,dmaccartairmx@webmd.com,1,270
827,Richard,Leathart,rleathartmy@e-recht24.de,1,270
830,Pamella,Barnewille,pbarnewillen1@netscape.com,1,270
831,Viviyan,Tant,vtantn2@spiegel.de,1,270
832,Rosanne,Izatt,rizattn3@wikispaces.com,1,270
835,Renard,Tatchell,rtatchelln6@infoseek.co.jp,1,270
807,Blondelle,Pendlenton,bpendlentonme@java.com,1,270
808,Borg,Gabbitus,bgabbitusmf@kickstarter.com,1,270
810,Kacie,Lobbe,klobbemh@zimbio.com,1,270
811,Gerrilee,Sarfas,gsarfasmi@pinterest.com,1,270
813,Eugen,Renfield,erenfieldmk@timesonline.co.uk,1,270
837,Barb,Hevner,bhevnern8@rambler.ru,1,270
798,Clarabelle,Nafzger,cnafzgerm5@bbb.org,1,270
753,Wilt,Tick,wtickkw@microsoft.com,1,270
755,Kellina,Fausch,kfauschky@google.fr,1,270
761,Lorelle,Wolver,lwolverl4@ca.gov,1,270
763,Dalis,Aldred,daldredl6@homestead.com,1,270
766,Tito,Furber,tfurberl9@theglobeandmail.com,1,270
770,Shurlocke,Russilll,srussilllld@dot.gov,1,270
772,Tracy,Trayford,ttrayfordlf@google.de,1,270
773,Steffane,Castanyer,scastanyerlg@4shared.com,1,270
774,Dun,Mettricke,dmettrickelh@state.tx.us,1,270
730,Natividad,Barnes,nbarnesk9@archive.org,1,270
731,Beniamino,MacCauley,bmaccauleyka@shinystat.com,1,270
733,Mattie,Purver,mpurverkc@toplist.cz,1,270
735,Bettye,Badrick,bbadrickke@cdbaby.com,1,270
721,Kim,Hannaway,khannawayk0@wikispaces.com,1,270
723,Holden,Goodlett,hgoodlettk2@issuu.com,1,270
724,Laughton,Schiesterl,lschiesterlk3@shop-pro.jp,1,270
726,Monah,Klaessen,mklaessenk5@google.es,1,270
740,Ernst,Gooderham,egooderhamkj@netscape.com,1,270
741,Reinwald,Gasson,rgassonkk@mapy.cz,1,270
742,Mela,Robrow,mrobrowkl@harvard.edu,1,270
871,Brocky,Edser,bedsero6@geocities.jp,1,270
872,Molly,Reilly,mreillyo7@timesonline.co.uk,1,270
873,Dolly,Ballach,dballacho8@whitehouse.gov,1,270
874,Lorrie,Geake,lgeakeo9@msn.com,1,270
869,Erie,Reiglar,ereiglaro4@squarespace.com,1,270
848,Lucius,Wodham,lwodhamnj@chicagotribune.com,1,270
841,Rowland,Niemiec,rniemiecnc@altervista.org,1,270
842,Perl,Chivers,pchiversnd@mozilla.com,1,270
844,Eimile,Lobe,elobenf@accuweather.com,1,270
881,Sayers,Hadfield,shadfieldog@chron.com,1,270
885,Emmet,Foort,efoortok@123-reg.co.uk,1,270
887,Bo,Hardin,bhardinom@google.com.hk,1,270
888,Theda,Ellesworth,tellesworthon@umich.edu,1,270
889,Rhodia,Common,rcommonoo@wunderground.com,1,270
878,Lilias,Sconce,lsconceod@ft.com,1,270
853,Cortney,Kyffin,ckyffinno@europa.eu,1,270
858,Amelia,Alen,aalennt@accuweather.com,1,270
902,Verla,Heintsch,vheintschp1@e-recht24.de,1,270
900,Tessy,Normanvill,tnormanvilloz@mysql.com,1,270
891,Minni,Bollum,mbollumoq@bloglines.com,1,270
892,Megan,Rochester,mrochesteror@php.net,1,270
894,Burk,Owens,bowensot@exblog.jp,1,270
898,Martino,Acory,macoryox@usa.gov,1,270
938,Inesita,Baff,ibaffq1@kickstarter.com,1,270
939,Ursola,Bowmen,ubowmenq2@flavors.me,1,270
941,Arlene,Congrave,acongraveq4@infoseek.co.jp,1,270
942,Wanids,Iorns,wiornsq5@unc.edu,1,270
943,Leonidas,Benton,lbentonq6@google.fr,1,270
924,Sawyer,Dunston,sdunstonpn@wiley.com,1,270
926,Tabina,Bulleyn,tbulleynpp@bing.com,1,270
931,Pooh,Dugan,pduganpu@virginia.edu,1,270
917,Ariadne,MacBain,amacbainpg@hp.com,1,270
904,Nissy,Higford,nhigfordp3@netvibes.com,1,270
911,Delila,Nowakowski,dnowakowskipa@hatena.ne.jp,1,270
946,Jacquenetta,Badrick,jbadrickq9@pen.io,1,270
947,Loydie,Frere,lfrereqa@google.co.jp,1,270
935,Orelee,Hamblyn,ohamblynpy@baidu.com,1,270
936,Avrom,Meffin,ameffinpz@webs.com,1,270
950,Wenona,Alkin,walkinqd@squarespace.com,1,270
951,Ruby,Cosker,rcoskerqe@tripod.com,1,270
952,Keven,Lehr,klehrqf@youku.com,1,270
971,Joy,Battersby,jbattersbyqy@nasa.gov,1,270
957,Phoebe,McKague,pmckagueqk@dion.ne.jp,1,270
965,Annis,Han,ahanqs@dot.gov,1,270
986,Benjamin,Prujean,bprujeanrd@sphinn.com,1,270
987,Mead,Blackhall,mblackhallre@godaddy.com,1,270
989,Elly,Hess,ehessrg@example.com,1,270
991,Wenona,Rapley,wrapleyri@hatena.ne.jp,1,270
995,Reggie,Wauchope,rwauchoperm@myspace.com,1,270
999,Stefania,Inde,sinderq@illinois.edu,1,270
973,Lamont,Philippe,lphilipper0@hexun.com,1,270
976,Harold,Corton,hcortonr3@hibu.com,1,270
980,Terry,Stock,tstockr7@intel.com,1,270
981,Rolando,Vogele,rvogeler8@newsvine.com,1,270
982,Amy,McKenney,amckenneyr9@bluehost.com,1,270
