BookTitle,LoanID,DateBorrowed,DueDate,OverdueDays,BorrowerFirstName,BorrowerLastName,BorrowerEmail
"Morbi odio odio, elementum eu, interdum eu, tincidunt in, leo.",441,00:00.0,00:00.0,93,Stormi,Kleinbaum,skleinbaum2d@facebook.com
In hac habitasse platea dictumst. Etiam faucibus cursus urna. Ut tellus. Nulla ut erat id mauris vulputate elementum. Nullam varius.,184,00:00.0,00:00.0,93,Putnem,Deddum,pdeddum6@huffingtonpost.com
"Duis ac nibh. Fusce lacus purus, aliquet at, feugiat non, pretium quis, lectus.",893,00:00.0,00:00.0,93,Drusie,Gronous,dgronous44@tamu.edu
Ut at dolor quis odio consequat varius.,769,00:00.0,00:00.0,93,Vivie,Heckner,vhecknercg@twitpic.com
Quisque id justo sit amet sapien dignissim vestibulum. Vestibulum ante ipsum primis in faucibus orci luctus et ultrices posuere cubilia Curae; Nulla dapibus dolor vel est.,589,00:00.0,00:00.0,92,Ernestus,Dytham,edythamdg@omniture.com
Etiam faucibus cursus urna. Ut tellus. Nulla ut erat id mauris vulputate elementum. Nullam varius. Nulla facilisi.,602,00:00.0,00:00.0,92,Rolando,Vogele,rvogeler8@newsvine.com
"Integer aliquet, massa id lobortis convallis, tortor risus dapibus augue, vel accumsan tellus nisi eu orci. Mauris lacinia sapien quis libero. Nullam sit amet turpis elementum ligula vehicula consequat. Morbi a ipsum. Integer a nibh.",478,00:00.0,00:00.0,92,Martino,Acory,macoryox@usa.gov
"Integer non velit. Donec diam neque, vestibulum eget, vulputate ut, ultrices vel, augue. Vestibulum ante ipsum primis in faucibus orci luctus et ultrices posuere cubilia Curae; Donec pharetra, magna vestibulum aliquet ultrices, erat tortor sollicitudin mi, sit amet lobortis sapien sapien non mi. Integer ac neque. Duis bibendum.",433,00:00.0,00:00.0,92,Shelton,Ellar,sellarla@baidu.com
Duis ac nibh.,954,00:00.0,00:00.0,92,Palmer,Barnhart,pbarnhart4j@dropbox.com
Vestibulum sed magna at nunc commodo placerat. Praesent blandit. Nam nulla.,258,00:00.0,00:00.0,91,Bartolemo,Varnals,bvarnalsc4@umn.edu
Morbi a ipsum. Integer a nibh. In quis justo. Maecenas rhoncus aliquam lacus.,868,00:00.0,00:00.0,90,Theda,Ellesworth,tellesworthon@umich.edu
"Aliquam non mauris. Morbi non lectus. Aliquam sit amet diam in magna bibendum imperdiet. Nullam orci pede, venenatis non, sodales sed, tincidunt eu, felis. Fusce posuere felis sed lacus.",540,00:00.0,00:00.0,90,Celina,Merlin,cmerlinm0@addtoany.com
"Aenean auctor gravida sem. Praesent id massa id nisl venenatis lacinia. Aenean sit amet justo. Morbi ut odio. Cras mi pede, malesuada in, imperdiet et, commodo vulputate, justo.",727,00:00.0,00:00.0,90,Valentijn,Weymouth,vweymouthhr@creativecommons.org
"In tempor, turpis nec euismod scelerisque, quam turpis adipiscing lorem, vitae mattis nibh ligula nec sem. Duis aliquam convallis nunc. Proin at turpis a pede posuere nonummy.",507,00:00.0,00:00.0,90,Micaela,Dixcey,mdixcey78@amazon.com
"Duis at velit eu est congue elementum. In hac habitasse platea dictumst. Morbi vestibulum, velit id pretium iaculis, diam erat fermentum justo, nec condimentum neque sapien placerat ante. Nulla justo. Aliquam quis turpis eget elit sodales scelerisque.",866,00:00.0,00:00.0,90,Dewitt,Heimann,dheimanng8@vimeo.com
Nulla justo. Aliquam quis turpis eget elit sodales scelerisque.,227,00:00.0,00:00.0,89,Farris,Raspel,fraspel7p@geocities.com
Praesent id massa id nisl venenatis lacinia. Aenean sit amet justo.,738,00:00.0,00:00.0,89,Abbott,Drysdell,adrysdelleb@gravatar.com
Aenean lectus. Pellentesque eget nunc.,606,00:00.0,00:00.0,89,Gherardo,St. Quentin,gstquentin59@1und1.de
Nullam porttitor lacus at turpis. Donec posuere metus vitae ipsum. Aliquam non mauris. Morbi non lectus.,826,00:00.0,00:00.0,89,Rochester,Adrain,radrain5o@wisc.edu
"Vivamus vel nulla eget eros elementum pellentesque. Quisque porta volutpat erat. Quisque erat eros, viverra eget, congue eget, semper rutrum, nulla. Nunc purus.",531,00:00.0,00:00.0,88,Hephzibah,Winchcomb,hwinchcomb1c@w3.org
Sed accumsan felis. Ut at dolor quis odio consequat varius. Integer ac leo. Pellentesque ultrices mattis odio. Donec vitae nisi.,133,00:00.0,00:00.0,88,Deborah,Astill,dastill9y@berkeley.edu
"Fusce congue, diam id ornare imperdiet, sapien urna pretium nisl, ut volutpat sapien arcu sed augue. Aliquam erat volutpat.",711,00:00.0,00:00.0,88,Heath,Mackstead,hmackstead31@feedburner.com
Nullam porttitor lacus at turpis. Donec posuere metus vitae ipsum. Aliquam non mauris.,878,00:00.0,00:00.0,88,Ernst,Gooderham,egooderhamkj@netscape.com
"Nulla nisl. Nunc nisl. Duis bibendum, felis sed interdum venenatis, turpis enim blandit mi, in porttitor pede justo eu massa. Donec dapibus.",568,00:00.0,00:00.0,88,Joy,Battersby,jbattersbyqy@nasa.gov
"Nullam orci pede, venenatis non, sodales sed, tincidunt eu, felis. Fusce posuere felis sed lacus. Morbi sem mauris, laoreet ut, rhoncus aliquet, pulvinar sed, nisl. Nunc rhoncus dui vel sem. Sed sagittis.",666,00:00.0,00:00.0,87,Lynde,Wooller,lwooller7s@umich.edu
Donec dapibus. Duis at velit eu est congue elementum.,420,00:00.0,00:00.0,87,Corie,Alty,calty7l@linkedin.com
Maecenas ut massa quis augue luctus tincidunt. Nulla mollis molestie lorem. Quisque ut erat.,737,00:00.0,00:00.0,87,Katleen,Bedburrow,kbedburrow1v@tripadvisor.com
Pellentesque viverra pede ac diam. Cras pellentesque volutpat dui.,150,00:00.0,00:00.0,87,Daryl,Kale,dkaleqh@merriam-webster.com
"Maecenas tristique, est et tempus semper, est quam pharetra magna, ac consequat metus sapien ut nunc. Vestibulum ante ipsum primis in faucibus orci luctus et ultrices posuere cubilia Curae; Mauris viverra diam vitae quam. Suspendisse potenti. Nullam porttitor lacus at turpis. Donec posuere metus vitae ipsum.",286,00:00.0,00:00.0,87,Cyrillus,Fridlington,cfridlington6c@soup.io
"Fusce congue, diam id ornare imperdiet, sapien urna pretium nisl, ut volutpat sapien arcu sed augue. Aliquam erat volutpat.",114,00:00.0,00:00.0,87,Brocky,Edser,bedsero6@geocities.jp
Vivamus vestibulum sagittis sapien.,942,00:00.0,00:00.0,87,Haleigh,Gremane,hgremanej@bloglines.com
"Vivamus vestibulum sagittis sapien. Cum sociis natoque penatibus et magnis dis parturient montes, nascetur ridiculus mus. Etiam vel augue. Vestibulum rutrum rutrum neque. Aenean auctor gravida sem.",760,00:00.0,00:00.0,87,Lenette,Conre,lconre61@instagram.com
"Donec odio justo, sollicitudin ut, suscipit a, feugiat et, eros. Vestibulum ac est lacinia nisi venenatis tristique. Fusce congue, diam id ornare imperdiet, sapien urna pretium nisl, ut volutpat sapien arcu sed augue.",346,00:00.0,00:00.0,87,Kristine,Pounds,kpoundsha@addthis.com
"Integer non velit. Donec diam neque, vestibulum eget, vulputate ut, ultrices vel, augue.",810,00:00.0,00:00.0,87,Elfreda,Simond,esimondf8@ow.ly
"Sed sagittis. Nam congue, risus semper porta volutpat, quam pede lobortis ligula, sit amet eleifend pede libero quis orci. Nullam molestie nibh in lectus. Pellentesque at nulla.",462,00:00.0,00:00.0,87,Carver,Navarre,cnavarre1g@independent.co.uk
Pellentesque at nulla.,489,00:00.0,00:00.0,86,Lyman,Kettlesing,lkettlesinge5@mashable.com
"Donec odio justo, sollicitudin ut, suscipit a, feugiat et, eros.",913,00:00.0,00:00.0,85,Editha,January,ejanuaryk7@cloudflare.com
Vivamus vestibulum sagittis sapien.,591,00:00.0,00:00.0,84,Lauren,Santarelli,lsantarellibd@over-blog.com
"Integer pede justo, lacinia eget, tincidunt eget, tempus vel, pede. Morbi porttitor lorem id ligula. Suspendisse ornare consequat lectus.",865,00:00.0,00:00.0,84,Kinsley,Rouby,kroubygg@microsoft.com
Morbi a ipsum. Integer a nibh. In quis justo. Maecenas rhoncus aliquam lacus.,29,00:00.0,00:00.0,84,Jeth,Barnshaw,jbarnshawl8@livejournal.com
"Curabitur at ipsum ac tellus semper interdum. Mauris ullamcorper purus sit amet nulla. Quisque arcu libero, rutrum ac, lobortis vel, dapibus at, diam. Nam tristique tortor eu pede.",741,00:00.0,00:00.0,83,Laughton,Schiesterl,lschiesterlk3@shop-pro.jp
"Nullam orci pede, venenatis non, sodales sed, tincidunt eu, felis. Fusce posuere felis sed lacus. Morbi sem mauris, laoreet ut, rhoncus aliquet, pulvinar sed, nisl.",504,00:00.0,00:00.0,83,Maje,Rozenzweig,mrozenzweigan@vkontakte.ru
Vestibulum sed magna at nunc commodo placerat.,517,00:00.0,00:00.0,83,Franky,Lauchlan,flauchlanoe@wired.com
"Duis bibendum, felis sed interdum venenatis, turpis enim blandit mi, in porttitor pede justo eu massa. Donec dapibus. Duis at velit eu est congue elementum. In hac habitasse platea dictumst. Morbi vestibulum, velit id pretium iaculis, diam erat fermentum justo, nec condimentum neque sapien placerat ante.",408,00:00.0,00:00.0,83,Alisha,Duinbleton,aduinbletonj0@adobe.com
"In quis justo. Maecenas rhoncus aliquam lacus. Morbi quis tortor id nulla ultrices aliquet. Maecenas leo odio, condimentum id, luctus nec, molestie sed, justo.",322,00:00.0,00:00.0,83,Armando,Menloe,amenloe7v@istockphoto.com
Ut at dolor quis odio consequat varius.,790,00:00.0,00:00.0,82,Jerry,Congreave,jcongreave1h@istockphoto.com
Aenean auctor gravida sem. Praesent id massa id nisl venenatis lacinia.,32,00:00.0,00:00.0,82,Leanora,Zapater,lzapaterlt@moonfruit.com
Sed ante. Vivamus tortor. Duis mattis egestas metus. Aenean fermentum. Donec ut mauris eget massa tempor convallis.,653,00:00.0,00:00.0,82,Curran,Novotna,cnovotnai@com.com
Donec ut dolor. Morbi vel lectus in quam fringilla rhoncus.,689,00:00.0,00:00.0,81,Gwenore,Turfs,gturfs3a@toplist.cz
Morbi vel lectus in quam fringilla rhoncus.,110,00:00.0,00:00.0,81,Kacie,Speake,kspeake57@tumblr.com
"Donec ut dolor. Morbi vel lectus in quam fringilla rhoncus. Mauris enim leo, rhoncus sed, vestibulum sit amet, cursus id, turpis. Integer aliquet, massa id lobortis convallis, tortor risus dapibus augue, vel accumsan tellus nisi eu orci. Mauris lacinia sapien quis libero.",255,00:00.0,00:00.0,81,Tabina,Bulleyn,tbulleynpp@bing.com
"Vestibulum sed magna at nunc commodo placerat. Praesent blandit. Nam nulla. Integer pede justo, lacinia eget, tincidunt eget, tempus vel, pede. Morbi porttitor lorem id ligula.",500,00:00.0,00:00.0,81,Irwinn,Gerhts,igerhtsly@google.nl
"Maecenas rhoncus aliquam lacus. Morbi quis tortor id nulla ultrices aliquet. Maecenas leo odio, condimentum id, luctus nec, molestie sed, justo. Pellentesque viverra pede ac diam.",648,00:00.0,00:00.0,81,Rufe,Steggals,rsteggals1r@macromedia.com
Aenean lectus.,915,00:00.0,00:00.0,81,Ronna,Turley,rturleyih@indiegogo.com
Morbi a ipsum. Integer a nibh. In quis justo.,899,00:00.0,00:00.0,81,Anjela,Cleatherow,acleatherow7j@indiatimes.com
In hac habitasse platea dictumst. Etiam faucibus cursus urna. Ut tellus. Nulla ut erat id mauris vulputate elementum. Nullam varius.,453,00:00.0,00:00.0,80,Elvina,Miguet,emiguet82@wp.com
Praesent id massa id nisl venenatis lacinia. Aenean sit amet justo. Morbi ut odio.,620,00:00.0,00:00.0,80,Alessandra,Regis,aregisdh@paginegialle.it
Phasellus in felis.,543,00:00.0,00:00.0,80,Kim,Hannaway,khannawayk0@wikispaces.com
Nullam molestie nibh in lectus. Pellentesque at nulla. Suspendisse potenti.,607,00:00.0,00:00.0,80,Roy,Sommersett,rsommersettb4@digg.com
"Cras mi pede, malesuada in, imperdiet et, commodo vulputate, justo. In blandit ultrices enim. Lorem ipsum dolor sit amet, consectetuer adipiscing elit. Proin interdum mauris non ligula pellentesque ultrices. Phasellus id sapien in sapien iaculis congue.",284,00:00.0,00:00.0,80,Clementius,Campkin,ccampkinqc@newsvine.com
"Morbi quis tortor id nulla ultrices aliquet. Maecenas leo odio, condimentum id, luctus nec, molestie sed, justo. Pellentesque viverra pede ac diam.",939,00:00.0,00:00.0,80,Heath,Mackstead,hmackstead31@feedburner.com
Cras in purus eu magna vulputate luctus.,635,00:00.0,00:00.0,80,Gayel,Cobbin,gcobbin7b@nytimes.com
Duis aliquam convallis nunc. Proin at turpis a pede posuere nonummy. Integer non velit.,82,00:00.0,00:00.0,80,Shannan,Ussher,sussher3@prlog.org
In quis justo. Maecenas rhoncus aliquam lacus. Morbi quis tortor id nulla ultrices aliquet.,980,00:00.0,00:00.0,79,Tiffie,Gawthorpe,tgawthorpecb@nba.com
"Donec quis orci eget orci vehicula condimentum. Curabitur in libero ut massa volutpat convallis. Morbi odio odio, elementum eu, interdum eu, tincidunt in, leo. Maecenas pulvinar lobortis est.",544,00:00.0,00:00.0,79,Kurtis,Bitten,kbittenhg@nymag.com
Etiam faucibus cursus urna.,908,00:00.0,00:00.0,79,Gail,Vanyukhin,gvanyukhinpx@addthis.com
Mauris lacinia sapien quis libero. Nullam sit amet turpis elementum ligula vehicula consequat.,887,00:00.0,00:00.0,79,Claudio,Worman,cworman4e@fda.gov
Nulla ut erat id mauris vulputate elementum. Nullam varius.,37,00:00.0,00:00.0,79,Henderson,Mechan,hmechanlo@360.cn
Aenean auctor gravida sem. Praesent id massa id nisl venenatis lacinia.,375,00:00.0,00:00.0,79,Henrietta,Parffrey,hparffrey6i@economist.com
"Curabitur at ipsum ac tellus semper interdum. Mauris ullamcorper purus sit amet nulla. Quisque arcu libero, rutrum ac, lobortis vel, dapibus at, diam. Nam tristique tortor eu pede.",263,00:00.0,00:00.0,78,Pansie,Cogger,pcogger4s@flavors.me
"Aliquam augue quam, sollicitudin vitae, consectetuer eget, rutrum at, lorem. Integer tincidunt ante vel ipsum.",499,00:00.0,00:00.0,78,Elfreda,Simond,esimondf8@ow.ly
"Proin eu mi. Nulla ac enim. In tempor, turpis nec euismod scelerisque, quam turpis adipiscing lorem, vitae mattis nibh ligula nec sem. Duis aliquam convallis nunc. Proin at turpis a pede posuere nonummy.",13,00:00.0,00:00.0,78,Hastie,Barlow,hbarlowf1@webmd.com
Suspendisse potenti. In eleifend quam a odio.,124,00:00.0,00:00.0,78,Sansone,Foan,sfoanii@fda.gov
"Donec odio justo, sollicitudin ut, suscipit a, feugiat et, eros. Vestibulum ac est lacinia nisi venenatis tristique. Fusce congue, diam id ornare imperdiet, sapien urna pretium nisl, ut volutpat sapien arcu sed augue.",26,00:00.0,00:00.0,78,Griff,Heams,gheamsgc@mozilla.org
Etiam vel augue. Vestibulum rutrum rutrum neque. Aenean auctor gravida sem. Praesent id massa id nisl venenatis lacinia.,505,00:00.0,00:00.0,78,Phaedra,Killoran,pkilloran9t@devhub.com
"Duis bibendum, felis sed interdum venenatis, turpis enim blandit mi, in porttitor pede justo eu massa.",363,00:00.0,00:00.0,78,Tito,Furber,tfurberl9@theglobeandmail.com
"Maecenas tincidunt lacus at velit. Vivamus vel nulla eget eros elementum pellentesque. Quisque porta volutpat erat. Quisque erat eros, viverra eget, congue eget, semper rutrum, nulla. Nunc purus.",684,00:00.0,00:00.0,78,Martyn,Brosch,mbroschcf@examiner.com
"Lorem ipsum dolor sit amet, consectetuer adipiscing elit. Proin interdum mauris non ligula pellentesque ultrices. Phasellus id sapien in sapien iaculis congue. Vivamus metus arcu, adipiscing molestie, hendrerit at, vulputate vitae, nisl.",920,00:00.0,00:00.0,77,Beniamino,MacCauley,bmaccauleyka@shinystat.com
Integer tincidunt ante vel ipsum. Praesent blandit lacinia erat.,243,00:00.0,00:00.0,77,Bail,Ilyunin,bilyuninij@etsy.com
Nullam sit amet turpis elementum ligula vehicula consequat. Morbi a ipsum.,311,00:00.0,00:00.0,77,Sam,Jorry,sjorrynw@nature.com
"Donec odio justo, sollicitudin ut, suscipit a, feugiat et, eros. Vestibulum ac est lacinia nisi venenatis tristique. Fusce congue, diam id ornare imperdiet, sapien urna pretium nisl, ut volutpat sapien arcu sed augue.",849,00:00.0,00:00.0,77,Garold,Lockery,glockery92@sourceforge.net
Morbi porttitor lorem id ligula. Suspendisse ornare consequat lectus.,423,00:00.0,00:00.0,77,Antonina,Burwin,aburwinal@cpanel.net
Morbi porttitor lorem id ligula. Suspendisse ornare consequat lectus.,880,00:00.0,00:00.0,77,Marillin,Ericsson,mericssonec@uol.com.br
Nam dui.,388,00:00.0,00:00.0,77,Marika,Luscombe,mluscombe8e@auda.org.au
Sed accumsan felis.,586,00:00.0,00:00.0,77,Corrine,Franschini,cfranschinils@trellian.com
"In sagittis dui vel nisl. Duis ac nibh. Fusce lacus purus, aliquet at, feugiat non, pretium quis, lectus. Suspendisse potenti. In eleifend quam a odio.",145,00:00.0,00:00.0,77,Myca,Kerford,mkerfordn@domainmarket.com
Praesent id massa id nisl venenatis lacinia. Aenean sit amet justo. Morbi ut odio.,16,00:00.0,00:00.0,77,Ray,Fearne,rfearned1@posterous.com
"Lorem ipsum dolor sit amet, consectetuer adipiscing elit. Proin interdum mauris non ligula pellentesque ultrices. Phasellus id sapien in sapien iaculis congue.",984,00:00.0,00:00.0,77,Damaris,McLeary,dmcleary5g@furl.net
"Nulla ac enim. In tempor, turpis nec euismod scelerisque, quam turpis adipiscing lorem, vitae mattis nibh ligula nec sem. Duis aliquam convallis nunc.",220,00:00.0,00:00.0,76,Dev,Hrinchishin,dhrinchishinav@senate.gov
Nulla facilisi. Cras non velit nec nisi vulputate nonummy. Maecenas tincidunt lacus at velit. Vivamus vel nulla eget eros elementum pellentesque.,228,00:00.0,00:00.0,76,Suellen,Potkin,spotkindn@pagesperso-orange.fr
Nulla tempus. Vivamus in felis eu sapien cursus vestibulum. Proin eu mi. Nulla ac enim.,703,00:00.0,00:00.0,76,Lilllie,Pirt,lpirtax@nifty.com
"Nunc purus. Phasellus in felis. Donec semper sapien a libero. Nam dui. Proin leo odio, porttitor id, consequat in, consequat ut, nulla.",524,00:00.0,00:00.0,76,Clementius,Campkin,ccampkinqc@newsvine.com
Quisque id justo sit amet sapien dignissim vestibulum. Vestibulum ante ipsum primis in faucibus orci luctus et ultrices posuere cubilia Curae; Nulla dapibus dolor vel est.,368,00:00.0,00:00.0,76,Giordano,McCardle,gmccardlecs@example.com
"Integer pede justo, lacinia eget, tincidunt eget, tempus vel, pede. Morbi porttitor lorem id ligula. Suspendisse ornare consequat lectus. In est risus, auctor sed, tristique in, tempus sit amet, sem.",545,00:00.0,00:00.0,76,Cherice,Punt,cpuntm3@t.co
"Curabitur in libero ut massa volutpat convallis. Morbi odio odio, elementum eu, interdum eu, tincidunt in, leo. Maecenas pulvinar lobortis est. Phasellus sit amet erat. Nulla tempus.",993,00:00.0,00:00.0,76,Kylen,Deakin,kdeakine9@angelfire.com
"Morbi non lectus. Aliquam sit amet diam in magna bibendum imperdiet. Nullam orci pede, venenatis non, sodales sed, tincidunt eu, felis. Fusce posuere felis sed lacus.",279,00:00.0,00:00.0,76,Kiley,Bener,kbenerl3@berkeley.edu
Nulla tellus. In sagittis dui vel nisl. Duis ac nibh.,385,00:00.0,00:00.0,76,Morganne,Screas,mscreas16@aol.com
Aenean fermentum. Donec ut mauris eget massa tempor convallis.,345,00:00.0,00:00.0,75,Valle,Gristhwaite,vgristhwaiteai@unicef.org
Suspendisse potenti.,593,00:00.0,00:00.0,75,Neda,Venmore,nvenmorelp@bizjournals.com
"Donec diam neque, vestibulum eget, vulputate ut, ultrices vel, augue. Vestibulum ante ipsum primis in faucibus orci luctus et ultrices posuere cubilia Curae; Donec pharetra, magna vestibulum aliquet ultrices, erat tortor sollicitudin mi, sit amet lobortis sapien sapien non mi. Integer ac neque. Duis bibendum. Morbi non quam nec dui luctus rutrum.",161,00:00.0,00:00.0,75,Michelle,Malan,mmalan4w@bloglovin.com
Nulla ut erat id mauris vulputate elementum.,185,00:00.0,00:00.0,75,Dene,Grishukhin,dgrishukhinjh@desdev.cn
"Curabitur gravida nisi at nibh. In hac habitasse platea dictumst. Aliquam augue quam, sollicitudin vitae, consectetuer eget, rutrum at, lorem.",742,00:00.0,00:00.0,75,Janessa,Clubb,jclubb4a@hexun.com
"Nam ultrices, libero non mattis pulvinar, nulla pede ullamcorper augue, a suscipit nulla elit ac nulla.",725,00:00.0,00:00.0,75,Jess,Borsnall,jborsnallbx@bbb.org
Nulla tempus. Vivamus in felis eu sapien cursus vestibulum. Proin eu mi. Nulla ac enim.,245,00:00.0,00:00.0,75,Loydie,Frere,lfrereqa@google.co.jp
Etiam justo. Etiam pretium iaculis justo. In hac habitasse platea dictumst.,906,00:00.0,00:00.0,75,Konrad,Lamming,klamminggb@free.fr
"Vivamus vestibulum sagittis sapien. Cum sociis natoque penatibus et magnis dis parturient montes, nascetur ridiculus mus.",419,00:00.0,00:00.0,75,Borg,Gabbitus,bgabbitusmf@kickstarter.com
"Fusce posuere felis sed lacus. Morbi sem mauris, laoreet ut, rhoncus aliquet, pulvinar sed, nisl. Nunc rhoncus dui vel sem. Sed sagittis. Nam congue, risus semper porta volutpat, quam pede lobortis ligula, sit amet eleifend pede libero quis orci.",407,00:00.0,00:00.0,74,Mabel,Geraldini,mgeraldinicc@usa.gov
Mauris sit amet eros. Suspendisse accumsan tortor quis turpis. Sed ante. Vivamus tortor.,659,00:00.0,00:00.0,74,Cary,Beek,cbeekgn@baidu.com
Nulla mollis molestie lorem. Quisque ut erat. Curabitur gravida nisi at nibh. In hac habitasse platea dictumst.,170,00:00.0,00:00.0,74,Sansone,Chooter,schooteraj@arizona.edu
Curabitur gravida nisi at nibh. In hac habitasse platea dictumst.,973,00:00.0,00:00.0,74,Lyman,Kettlesing,lkettlesinge5@mashable.com
"Cum sociis natoque penatibus et magnis dis parturient montes, nascetur ridiculus mus.",556,00:00.0,00:00.0,74,Charmane,Kroin,ckroini0@prweb.com
"Nulla ac enim. In tempor, turpis nec euismod scelerisque, quam turpis adipiscing lorem, vitae mattis nibh ligula nec sem.",879,00:00.0,00:00.0,74,Niccolo,Golson,ngolson8@istockphoto.com
"Praesent blandit. Nam nulla. Integer pede justo, lacinia eget, tincidunt eget, tempus vel, pede.",623,00:00.0,00:00.0,74,Haleigh,Gremane,hgremanej@bloglines.com
"Integer aliquet, massa id lobortis convallis, tortor risus dapibus augue, vel accumsan tellus nisi eu orci. Mauris lacinia sapien quis libero.",549,00:00.0,00:00.0,74,Jesselyn,Werner,jwernerjl@miibeian.gov.cn
"Integer aliquet, massa id lobortis convallis, tortor risus dapibus augue, vel accumsan tellus nisi eu orci.",911,00:00.0,00:00.0,74,Audrey,Jeanes,ajeanes8g@army.mil
Maecenas pulvinar lobortis est.,95,00:00.0,00:00.0,74,Cyrillus,Fridlington,cfridlington6c@soup.io
Praesent blandit lacinia erat. Vestibulum sed magna at nunc commodo placerat. Praesent blandit.,466,00:00.0,00:00.0,73,Mord,Hazel,mhazelir@tmall.com
Nulla tellus. In sagittis dui vel nisl.,633,00:00.0,00:00.0,73,Randy,Bosse,rbossedj@addthis.com
Sed ante. Vivamus tortor.,41,00:00.0,00:00.0,73,Thorpe,Harbron,tharbronq7@shareasale.com
"Vestibulum ac est lacinia nisi venenatis tristique. Fusce congue, diam id ornare imperdiet, sapien urna pretium nisl, ut volutpat sapien arcu sed augue.",301,00:00.0,00:00.0,73,Wrennie,Lyfield,wlyfieldhm@harvard.edu
Aenean lectus. Pellentesque eget nunc.,596,00:00.0,00:00.0,73,Mela,Robrow,mrobrowkl@harvard.edu
Sed ante. Vivamus tortor. Duis mattis egestas metus. Aenean fermentum. Donec ut mauris eget massa tempor convallis.,343,00:00.0,00:00.0,73,Orelee,McJerrow,omcjerrowa7@usatoday.com
"Proin interdum mauris non ligula pellentesque ultrices. Phasellus id sapien in sapien iaculis congue. Vivamus metus arcu, adipiscing molestie, hendrerit at, vulputate vitae, nisl. Aenean lectus. Pellentesque eget nunc.",561,00:00.0,00:00.0,73,Lauren,Santarelli,lsantarellibd@over-blog.com
"Proin interdum mauris non ligula pellentesque ultrices. Phasellus id sapien in sapien iaculis congue. Vivamus metus arcu, adipiscing molestie, hendrerit at, vulputate vitae, nisl. Aenean lectus. Pellentesque eget nunc.",621,00:00.0,00:00.0,73,Devonna,Happert,dhapperth@biglobe.ne.jp
Aliquam quis turpis eget elit sodales scelerisque. Mauris sit amet eros. Suspendisse accumsan tortor quis turpis. Sed ante. Vivamus tortor.,400,00:00.0,00:00.0,72,Delora,Rawe,drawemu@reddit.com
Aenean lectus. Pellentesque eget nunc. Donec quis orci eget orci vehicula condimentum. Curabitur in libero ut massa volutpat convallis.,405,00:00.0,00:00.0,72,Rufe,Steggals,rsteggals1r@macromedia.com
Vestibulum sed magna at nunc commodo placerat. Praesent blandit. Nam nulla.,158,00:00.0,00:00.0,72,Aileen,Cusiter,acusitera2@google.com.br
"Fusce posuere felis sed lacus. Morbi sem mauris, laoreet ut, rhoncus aliquet, pulvinar sed, nisl.",582,00:00.0,00:00.0,72,Theresa,Lukianovich,tlukianovich1i@wp.com
Vestibulum ante ipsum primis in faucibus orci luctus et ultrices posuere cubilia Curae; Nulla dapibus dolor vel est.,988,00:00.0,00:00.0,72,Marysa,Clymo,mclymogk@disqus.com
"Aenean sit amet justo. Morbi ut odio. Cras mi pede, malesuada in, imperdiet et, commodo vulputate, justo.",35,00:00.0,00:00.0,72,Pauly,Enric,penric5j@yale.edu
"Morbi odio odio, elementum eu, interdum eu, tincidunt in, leo. Maecenas pulvinar lobortis est. Phasellus sit amet erat. Nulla tempus. Vivamus in felis eu sapien cursus vestibulum.",588,00:00.0,00:00.0,72,Engelbert,Sawers,esawersb7@vimeo.com
"Nunc nisl. Duis bibendum, felis sed interdum venenatis, turpis enim blandit mi, in porttitor pede justo eu massa. Donec dapibus.",324,00:00.0,00:00.0,72,Pamella,Barnewille,pbarnewillen1@netscape.com
"Donec diam neque, vestibulum eget, vulputate ut, ultrices vel, augue. Vestibulum ante ipsum primis in faucibus orci luctus et ultrices posuere cubilia Curae; Donec pharetra, magna vestibulum aliquet ultrices, erat tortor sollicitudin mi, sit amet lobortis sapien sapien non mi. Integer ac neque. Duis bibendum.",136,00:00.0,00:00.0,72,Tore,Atcock,tatcock7q@dot.gov
Vivamus tortor.,841,00:00.0,00:00.0,71,Sam,Jorry,sjorrynw@nature.com
"Vivamus metus arcu, adipiscing molestie, hendrerit at, vulputate vitae, nisl. Aenean lectus. Pellentesque eget nunc. Donec quis orci eget orci vehicula condimentum. Curabitur in libero ut massa volutpat convallis.",450,00:00.0,00:00.0,71,Brinna,Danet,bdanetge@shutterfly.com
"Nulla suscipit ligula in lacus. Curabitur at ipsum ac tellus semper interdum. Mauris ullamcorper purus sit amet nulla. Quisque arcu libero, rutrum ac, lobortis vel, dapibus at, diam.",793,00:00.0,00:00.0,71,Molly,Potebury,mpoteburyga@dailymotion.com
"Nunc nisl. Duis bibendum, felis sed interdum venenatis, turpis enim blandit mi, in porttitor pede justo eu massa. Donec dapibus. Duis at velit eu est congue elementum.",583,00:00.0,00:00.0,71,Brewster,Vasyutkin,bvasyutkinop@ft.com
Aenean lectus.,421,00:00.0,00:00.0,71,Farand,Giacomozzo,fgiacomozzo7a@imdb.com
"Vivamus vel nulla eget eros elementum pellentesque. Quisque porta volutpat erat. Quisque erat eros, viverra eget, congue eget, semper rutrum, nulla. Nunc purus.",515,00:00.0,00:00.0,70,Bernadine,Duddle,bduddle21@google.co.uk
Proin eu mi.,721,00:00.0,00:00.0,70,Friederike,MacKeig,fmackeigar@illinois.edu
"Aenean fermentum. Donec ut mauris eget massa tempor convallis. Nulla neque libero, convallis eget, eleifend luctus, ultricies eu, nibh. Quisque id justo sit amet sapien dignissim vestibulum. Vestibulum ante ipsum primis in faucibus orci luctus et ultrices posuere cubilia Curae; Nulla dapibus dolor vel est.",590,00:00.0,00:00.0,70,Clary,Crayker,ccraykerfz@cdc.gov
Nulla tempus.,747,00:00.0,00:00.0,70,Chariot,Altofts,caltoftsid@wordpress.com
"Donec vitae nisi. Nam ultrices, libero non mattis pulvinar, nulla pede ullamcorper augue, a suscipit nulla elit ac nulla.",134,00:00.0,00:00.0,70,Athene,Bushrod,abushrodjn@constantcontact.com
"Cras mi pede, malesuada in, imperdiet et, commodo vulputate, justo. In blandit ultrices enim. Lorem ipsum dolor sit amet, consectetuer adipiscing elit. Proin interdum mauris non ligula pellentesque ultrices. Phasellus id sapien in sapien iaculis congue.",745,00:00.0,00:00.0,70,Yancey,Fursland,yfursland6t@nps.gov
"Morbi quis tortor id nulla ultrices aliquet. Maecenas leo odio, condimentum id, luctus nec, molestie sed, justo. Pellentesque viverra pede ac diam.",422,00:00.0,00:00.0,70,Teodoro,Ding,tdingb9@dropbox.com
Duis bibendum.,23,00:00.0,00:00.0,69,Steffane,Castanyer,scastanyerlg@4shared.com
"Morbi quis tortor id nulla ultrices aliquet. Maecenas leo odio, condimentum id, luctus nec, molestie sed, justo. Pellentesque viverra pede ac diam.",482,00:00.0,00:00.0,69,Bobbette,Couche,bcouche2c@engadget.com
Morbi non quam nec dui luctus rutrum.,605,00:00.0,00:00.0,69,Imogene,Crichmer,icrichmerf3@barnesandnoble.com
Etiam justo.,770,00:00.0,00:00.0,69,Pembroke,Knight,pknight9q@macromedia.com
"Suspendisse potenti. Cras in purus eu magna vulputate luctus. Cum sociis natoque penatibus et magnis dis parturient montes, nascetur ridiculus mus. Vivamus vestibulum sagittis sapien.",278,00:00.0,00:00.0,69,Lorraine,Morsom,lmorsomht@mashable.com
"Nam congue, risus semper porta volutpat, quam pede lobortis ligula, sit amet eleifend pede libero quis orci. Nullam molestie nibh in lectus. Pellentesque at nulla. Suspendisse potenti. Cras in purus eu magna vulputate luctus.",430,00:00.0,00:00.0,69,Grace,Ganforthe,gganforthefg@squidoo.com
Morbi porttitor lorem id ligula. Suspendisse ornare consequat lectus.,960,00:00.0,00:00.0,69,Niles,Jenney,njenneydf@moonfruit.com
Integer tincidunt ante vel ipsum. Praesent blandit lacinia erat. Vestibulum sed magna at nunc commodo placerat. Praesent blandit.,257,00:00.0,00:00.0,68,Irwinn,Gerhts,igerhtsly@google.nl
"Fusce consequat. Nulla nisl. Nunc nisl. Duis bibendum, felis sed interdum venenatis, turpis enim blandit mi, in porttitor pede justo eu massa.",61,00:00.0,00:00.0,68,Irwinn,Gerhts,igerhtsly@google.nl
"Morbi vestibulum, velit id pretium iaculis, diam erat fermentum justo, nec condimentum neque sapien placerat ante. Nulla justo. Aliquam quis turpis eget elit sodales scelerisque. Mauris sit amet eros. Suspendisse accumsan tortor quis turpis.",546,00:00.0,00:00.0,68,Eydie,Cullingworth,ecullingworth3f@globo.com
"Nullam orci pede, venenatis non, sodales sed, tincidunt eu, felis.",276,00:00.0,00:00.0,68,Ariadne,MacBain,amacbainpg@hp.com
Donec quis orci eget orci vehicula condimentum. Curabitur in libero ut massa volutpat convallis.,925,00:00.0,00:00.0,67,Noelyn,Grutchfield,ngrutchfieldek@google.ca
Nullam porttitor lacus at turpis. Donec posuere metus vitae ipsum. Aliquam non mauris.,455,00:00.0,00:00.0,67,Alexio,Cuerda,acuerdail@devhub.com
"Nam congue, risus semper porta volutpat, quam pede lobortis ligula, sit amet eleifend pede libero quis orci. Nullam molestie nibh in lectus. Pellentesque at nulla. Suspendisse potenti. Cras in purus eu magna vulputate luctus.",965,00:00.0,00:00.0,67,Rhodia,Common,rcommonoo@wunderground.com
"Curabitur convallis. Duis consequat dui nec nisi volutpat eleifend. Donec ut dolor. Morbi vel lectus in quam fringilla rhoncus. Mauris enim leo, rhoncus sed, vestibulum sit amet, cursus id, turpis.",991,00:00.0,00:00.0,67,Wandis,Stockwell,wstockwell72@geocities.com
Morbi porttitor lorem id ligula.,60,00:00.0,00:00.0,67,Kerianne,Hairon,khairon2q@nifty.com
"Vestibulum ante ipsum primis in faucibus orci luctus et ultrices posuere cubilia Curae; Donec pharetra, magna vestibulum aliquet ultrices, erat tortor sollicitudin mi, sit amet lobortis sapien sapien non mi. Integer ac neque.",926,00:00.0,00:00.0,67,Willy,Henze,whenze4b@youtube.com
"Aenean sit amet justo. Morbi ut odio. Cras mi pede, malesuada in, imperdiet et, commodo vulputate, justo. In blandit ultrices enim.",236,00:00.0,00:00.0,67,Ignaz,Wyles,iwyles8u@symantec.com
Praesent id massa id nisl venenatis lacinia.,749,00:00.0,00:00.0,67,Emmy,Bellamy,ebellamy3k@apache.org
"Aliquam non mauris. Morbi non lectus. Aliquam sit amet diam in magna bibendum imperdiet. Nullam orci pede, venenatis non, sodales sed, tincidunt eu, felis. Fusce posuere felis sed lacus.",870,00:00.0,00:00.0,66,Adolph,Westlake,awestlakemv@vk.com
"Ut at dolor quis odio consequat varius. Integer ac leo. Pellentesque ultrices mattis odio. Donec vitae nisi. Nam ultrices, libero non mattis pulvinar, nulla pede ullamcorper augue, a suscipit nulla elit ac nulla.",269,00:00.0,00:00.0,66,Adi,Sickling,asicklingof@goodreads.com
Sed ante. Vivamus tortor. Duis mattis egestas metus. Aenean fermentum. Donec ut mauris eget massa tempor convallis.,308,00:00.0,00:00.0,66,Morry,Alred,malredb6@gov.uk
"Cras pellentesque volutpat dui. Maecenas tristique, est et tempus semper, est quam pharetra magna, ac consequat metus sapien ut nunc. Vestibulum ante ipsum primis in faucibus orci luctus et ultrices posuere cubilia Curae; Mauris viverra diam vitae quam. Suspendisse potenti. Nullam porttitor lacus at turpis.",196,00:00.0,00:00.0,66,Luce,Lettsom,llettsomjw@1und1.de
In hac habitasse platea dictumst.,799,00:00.0,00:00.0,66,Mora,Goldthorp,mgoldthorpbq@bbc.co.uk
Duis consequat dui nec nisi volutpat eleifend.,404,00:00.0,00:00.0,66,Milton,Alflatt,malflattp0@angelfire.com
"Mauris enim leo, rhoncus sed, vestibulum sit amet, cursus id, turpis. Integer aliquet, massa id lobortis convallis, tortor risus dapibus augue, vel accumsan tellus nisi eu orci.",66,00:00.0,00:00.0,66,Yankee,Awde,yawdedz@google.com
Pellentesque at nulla. Suspendisse potenti. Cras in purus eu magna vulputate luctus.,508,00:00.0,00:00.0,66,Dallas,Alvy,dalvyh3@dailymotion.com
Morbi ut odio.,125,00:00.0,00:00.0,66,Perl,Chivers,pchiversnd@mozilla.com
Quisque porta volutpat erat.,801,00:00.0,00:00.0,66,Lorinda,d' Elboux,ldelbouxip@nbcnews.com
"Lorem ipsum dolor sit amet, consectetuer adipiscing elit. Proin interdum mauris non ligula pellentesque ultrices. Phasellus id sapien in sapien iaculis congue. Vivamus metus arcu, adipiscing molestie, hendrerit at, vulputate vitae, nisl.",130,00:00.0,00:00.0,66,Arabela,Millea,amillea68@tamu.edu
"Integer non velit. Donec diam neque, vestibulum eget, vulputate ut, ultrices vel, augue. Vestibulum ante ipsum primis in faucibus orci luctus et ultrices posuere cubilia Curae; Donec pharetra, magna vestibulum aliquet ultrices, erat tortor sollicitudin mi, sit amet lobortis sapien sapien non mi. Integer ac neque. Duis bibendum.",919,00:00.0,00:00.0,66,Merwyn,Floyed,mfloyedjg@arizona.edu
Integer non velit.,916,00:00.0,00:00.0,65,Kristoffer,Dowe,kdoweej@redcross.org
Nulla justo. Aliquam quis turpis eget elit sodales scelerisque.,513,00:00.0,00:00.0,65,Corabella,Lynds,clyndsf4@ycombinator.com
Proin interdum mauris non ligula pellentesque ultrices. Phasellus id sapien in sapien iaculis congue.,638,00:00.0,00:00.0,65,Agosto,Dury,aduryli@bing.com
"Morbi non lectus. Aliquam sit amet diam in magna bibendum imperdiet. Nullam orci pede, venenatis non, sodales sed, tincidunt eu, felis. Fusce posuere felis sed lacus.",903,00:00.0,00:00.0,64,Loutitia,Caskie,lcaskie9v@prweb.com
In eleifend quam a odio. In hac habitasse platea dictumst.,319,00:00.0,00:00.0,64,Reggie,Wauchope,rwauchoperm@myspace.com
"Maecenas tincidunt lacus at velit. Vivamus vel nulla eget eros elementum pellentesque. Quisque porta volutpat erat. Quisque erat eros, viverra eget, congue eget, semper rutrum, nulla. Nunc purus.",445,00:00.0,00:00.0,64,Augustine,Tempest,atempest1k@utexas.edu
"Nunc rhoncus dui vel sem. Sed sagittis. Nam congue, risus semper porta volutpat, quam pede lobortis ligula, sit amet eleifend pede libero quis orci. Nullam molestie nibh in lectus. Pellentesque at nulla.",771,00:00.0,00:00.0,64,Eugen,Renfield,erenfieldmk@timesonline.co.uk
"Quisque id justo sit amet sapien dignissim vestibulum. Vestibulum ante ipsum primis in faucibus orci luctus et ultrices posuere cubilia Curae; Nulla dapibus dolor vel est. Donec odio justo, sollicitudin ut, suscipit a, feugiat et, eros. Vestibulum ac est lacinia nisi venenatis tristique. Fusce congue, diam id ornare imperdiet, sapien urna pretium nisl, ut volutpat sapien arcu sed augue.",224,00:00.0,00:00.0,64,Dallas,Alvy,dalvyh3@dailymotion.com
"Maecenas tristique, est et tempus semper, est quam pharetra magna, ac consequat metus sapien ut nunc. Vestibulum ante ipsum primis in faucibus orci luctus et ultrices posuere cubilia Curae; Mauris viverra diam vitae quam.",825,00:00.0,00:00.0,64,Dun,Mettricke,dmettrickelh@state.tx.us
"Integer ac leo. Pellentesque ultrices mattis odio. Donec vitae nisi. Nam ultrices, libero non mattis pulvinar, nulla pede ullamcorper augue, a suscipit nulla elit ac nulla. Sed vel enim sit amet nunc viverra dapibus.",118,00:00.0,00:00.0,63,Kylynn,Lyver,klyverqi@zimbio.com
Nulla ut erat id mauris vulputate elementum.,8,00:00.0,00:00.0,63,Sayers,Hadfield,shadfieldog@chron.com
In congue. Etiam justo. Etiam pretium iaculis justo.,700,00:00.0,00:00.0,63,Brander,Ilsley,bilsley3s@1688.com
"Aliquam augue quam, sollicitudin vitae, consectetuer eget, rutrum at, lorem.",986,00:00.0,00:00.0,63,Cory,Championnet,cchampionnetlb@wikispaces.com
Etiam justo. Etiam pretium iaculis justo. In hac habitasse platea dictumst.,724,00:00.0,00:00.0,63,Konstantin,Karoly,kkaroly18@cdc.gov
Vivamus tortor. Duis mattis egestas metus. Aenean fermentum. Donec ut mauris eget massa tempor convallis.,632,00:00.0,00:00.0,63,Maggie,Wigley,mwigleyfx@myspace.com
Nulla tempus. Vivamus in felis eu sapien cursus vestibulum. Proin eu mi. Nulla ac enim.,933,00:00.0,00:00.0,63,Jacky,Eastop,jeastop7@booking.com
"Nam nulla. Integer pede justo, lacinia eget, tincidunt eget, tempus vel, pede. Morbi porttitor lorem id ligula.",714,00:00.0,00:00.0,63,Zorah,Remmers,zremmers2l@plala.or.jp
Integer tincidunt ante vel ipsum. Praesent blandit lacinia erat.,746,00:00.0,00:00.0,63,Tore,Lethlay,tlethlayjk@nps.gov
"Quisque id justo sit amet sapien dignissim vestibulum. Vestibulum ante ipsum primis in faucibus orci luctus et ultrices posuere cubilia Curae; Nulla dapibus dolor vel est. Donec odio justo, sollicitudin ut, suscipit a, feugiat et, eros. Vestibulum ac est lacinia nisi venenatis tristique. Fusce congue, diam id ornare imperdiet, sapien urna pretium nisl, ut volutpat sapien arcu sed augue.",169,00:00.0,00:00.0,63,Diana,Dowbakin,ddowbakinq0@telegraph.co.uk
Suspendisse potenti. In eleifend quam a odio. In hac habitasse platea dictumst.,928,00:00.0,00:00.0,63,Shayne,Gilyatt,sgilyattfe@amazon.co.uk
"Suspendisse potenti. Cras in purus eu magna vulputate luctus. Cum sociis natoque penatibus et magnis dis parturient montes, nascetur ridiculus mus. Vivamus vestibulum sagittis sapien.",395,00:00.0,00:00.0,62,Lacee,Lakey,llakeyeq@skype.com
"Nam congue, risus semper porta volutpat, quam pede lobortis ligula, sit amet eleifend pede libero quis orci. Nullam molestie nibh in lectus. Pellentesque at nulla. Suspendisse potenti. Cras in purus eu magna vulputate luctus.",205,00:00.0,00:00.0,62,Sherrie,Giacopazzi,sgiacopazzil5@zdnet.com
"Mauris enim leo, rhoncus sed, vestibulum sit amet, cursus id, turpis. Integer aliquet, massa id lobortis convallis, tortor risus dapibus augue, vel accumsan tellus nisi eu orci. Mauris lacinia sapien quis libero. Nullam sit amet turpis elementum ligula vehicula consequat.",560,00:00.0,00:00.0,62,Ruby,Cosker,rcoskerqe@tripod.com
Nulla suscipit ligula in lacus.,692,00:00.0,00:00.0,62,Phillipp,Zambon,pzambonlc@sakura.ne.jp
Suspendisse potenti. In eleifend quam a odio. In hac habitasse platea dictumst. Maecenas ut massa quis augue luctus tincidunt.,383,00:00.0,00:00.0,62,Emmy,Bellamy,ebellamy3k@apache.org
Aenean auctor gravida sem. Praesent id massa id nisl venenatis lacinia. Aenean sit amet justo. Morbi ut odio.,256,00:00.0,00:00.0,61,Sibel,Dozdill,sdozdillds@ibm.com
In quis justo.,436,00:00.0,00:00.0,61,Farris,Raspel,fraspel7p@geocities.com
Morbi non quam nec dui luctus rutrum.,490,00:00.0,00:00.0,61,Silas,Byron,sbyronmr@businessinsider.com
Morbi non quam nec dui luctus rutrum.,575,00:00.0,00:00.0,61,Lorraine,Morsom,lmorsomht@mashable.com
"Duis mattis egestas metus. Aenean fermentum. Donec ut mauris eget massa tempor convallis. Nulla neque libero, convallis eget, eleifend luctus, ultricies eu, nibh.",98,00:00.0,00:00.0,60,Phillipp,Zambon,pzambonlc@sakura.ne.jp
"Fusce congue, diam id ornare imperdiet, sapien urna pretium nisl, ut volutpat sapien arcu sed augue. Aliquam erat volutpat. In congue.",686,00:00.0,00:00.0,60,Brewster,Vasyutkin,bvasyutkinop@ft.com
"Suspendisse ornare consequat lectus. In est risus, auctor sed, tristique in, tempus sit amet, sem. Fusce consequat. Nulla nisl. Nunc nisl.",535,00:00.0,00:00.0,60,Merwyn,Floyed,mfloyedjg@arizona.edu
"In est risus, auctor sed, tristique in, tempus sit amet, sem. Fusce consequat.",642,00:00.0,00:00.0,60,Vikky,McArtan,vmcartanm6@microsoft.com
"Aenean fermentum. Donec ut mauris eget massa tempor convallis. Nulla neque libero, convallis eget, eleifend luctus, ultricies eu, nibh. Quisque id justo sit amet sapien dignissim vestibulum. Vestibulum ante ipsum primis in faucibus orci luctus et ultrices posuere cubilia Curae; Nulla dapibus dolor vel est.",787,00:00.0,00:00.0,60,Meryl,Fortnon,mfortnona4@omniture.com
Duis bibendum. Morbi non quam nec dui luctus rutrum. Nulla tellus.,676,00:00.0,00:00.0,60,Grissel,McNeillie,gmcneillieh5@discuz.net
Vestibulum sed magna at nunc commodo placerat. Praesent blandit. Nam nulla.,921,00:00.0,00:00.0,59,Stefania,Inde,sinderq@illinois.edu
Aenean auctor gravida sem.,94,00:00.0,00:00.0,59,Cletis,Cowndley,ccowndley6a@free.fr
Praesent blandit lacinia erat. Vestibulum sed magna at nunc commodo placerat. Praesent blandit.,624,00:00.0,00:00.0,59,Jerry,Ivchenko,jivchenkonn@weebly.com
Nam dui.,788,00:00.0,00:00.0,59,Marga,McClurg,mmcclurggz@weebly.com
"Nulla ac enim. In tempor, turpis nec euismod scelerisque, quam turpis adipiscing lorem, vitae mattis nibh ligula nec sem.",198,00:00.0,00:00.0,59,Zeb,Gorini,zgoriniqp@mayoclinic.com
"Proin interdum mauris non ligula pellentesque ultrices. Phasellus id sapien in sapien iaculis congue. Vivamus metus arcu, adipiscing molestie, hendrerit at, vulputate vitae, nisl. Aenean lectus. Pellentesque eget nunc.",27,00:00.0,00:00.0,59,Darwin,Billingsley,dbillingsleybh@gov.uk
"Donec odio justo, sollicitudin ut, suscipit a, feugiat et, eros. Vestibulum ac est lacinia nisi venenatis tristique. Fusce congue, diam id ornare imperdiet, sapien urna pretium nisl, ut volutpat sapien arcu sed augue.",794,00:00.0,00:00.0,59,Robinet,Greening,rgreeninge0@cbslocal.com
"Donec vitae nisi. Nam ultrices, libero non mattis pulvinar, nulla pede ullamcorper augue, a suscipit nulla elit ac nulla. Sed vel enim sit amet nunc viverra dapibus. Nulla suscipit ligula in lacus. Curabitur at ipsum ac tellus semper interdum.",509,00:00.0,00:00.0,58,Lorrie,Geake,lgeakeo9@msn.com
"Nullam orci pede, venenatis non, sodales sed, tincidunt eu, felis. Fusce posuere felis sed lacus. Morbi sem mauris, laoreet ut, rhoncus aliquet, pulvinar sed, nisl. Nunc rhoncus dui vel sem.",412,00:00.0,00:00.0,58,Red,Berge,rbergehf@mashable.com
"Fusce consequat. Nulla nisl. Nunc nisl. Duis bibendum, felis sed interdum venenatis, turpis enim blandit mi, in porttitor pede justo eu massa.",604,00:00.0,00:00.0,58,Foss,Caveau,fcaveau9l@blogs.com
Duis ac nibh.,287,00:00.0,00:00.0,58,Camila,Thorold,cthoroldap@tinypic.com
Vivamus vel nulla eget eros elementum pellentesque. Quisque porta volutpat erat.,587,00:00.0,00:00.0,58,Vaclav,Gillet,vgilleta1@fastcompany.com
Duis mattis egestas metus.,753,00:00.0,00:00.0,58,Morganne,Screas,mscreas16@aol.com
Aenean auctor gravida sem.,264,00:00.0,00:00.0,57,Godfry,Warrick,gwarrick56@geocities.com
Nulla suscipit ligula in lacus. Curabitur at ipsum ac tellus semper interdum. Mauris ullamcorper purus sit amet nulla.,764,00:00.0,00:00.0,57,Gretta,McSweeney,gmcsweeneyin@linkedin.com
"Aliquam augue quam, sollicitudin vitae, consectetuer eget, rutrum at, lorem. Integer tincidunt ante vel ipsum. Praesent blandit lacinia erat.",366,00:00.0,00:00.0,57,Siegfried,Meineken,smeinekenbm@etsy.com
Integer a nibh. In quis justo.,969,00:00.0,00:00.0,57,Ester,Truse,etrusenb@house.gov
"Vivamus vestibulum sagittis sapien. Cum sociis natoque penatibus et magnis dis parturient montes, nascetur ridiculus mus. Etiam vel augue. Vestibulum rutrum rutrum neque. Aenean auctor gravida sem.",211,00:00.0,00:00.0,57,Franky,Lauchlan,flauchlanoe@wired.com
"Vivamus vestibulum sagittis sapien. Cum sociis natoque penatibus et magnis dis parturient montes, nascetur ridiculus mus. Etiam vel augue. Vestibulum rutrum rutrum neque. Aenean auctor gravida sem.",599,00:00.0,00:00.0,57,Simonne,Lillicrap,slillicrap8x@twitter.com
Duis bibendum. Morbi non quam nec dui luctus rutrum. Nulla tellus. In sagittis dui vel nisl.,631,00:00.0,00:00.0,56,Otho,Tomasicchio,otomasicchiod8@angelfire.com
Morbi non lectus.,890,00:00.0,00:00.0,56,Orland,Belden,obeldenj7@fc2.com
"Cras mi pede, malesuada in, imperdiet et, commodo vulputate, justo. In blandit ultrices enim. Lorem ipsum dolor sit amet, consectetuer adipiscing elit.",174,00:00.0,00:00.0,56,Yard,Epinoy,yepinoy9@jalbum.net
"Donec vitae nisi. Nam ultrices, libero non mattis pulvinar, nulla pede ullamcorper augue, a suscipit nulla elit ac nulla. Sed vel enim sit amet nunc viverra dapibus.",510,00:00.0,00:00.0,56,Georgianne,Nottingham,gnottinghamjq@buzzfeed.com
Aenean sit amet justo. Morbi ut odio.,863,00:00.0,00:00.0,56,Carlin,Kroll,ckrollj9@mapy.cz
Aenean lectus. Pellentesque eget nunc. Donec quis orci eget orci vehicula condimentum. Curabitur in libero ut massa volutpat convallis.,197,00:00.0,00:00.0,56,Roby,Mara,rmarat@vkontakte.ru
"Mauris enim leo, rhoncus sed, vestibulum sit amet, cursus id, turpis. Integer aliquet, massa id lobortis convallis, tortor risus dapibus augue, vel accumsan tellus nisi eu orci.",616,00:00.0,00:00.0,56,Aileen,Cusiter,acusitera2@google.com.br
"Curabitur in libero ut massa volutpat convallis. Morbi odio odio, elementum eu, interdum eu, tincidunt in, leo. Maecenas pulvinar lobortis est. Phasellus sit amet erat. Nulla tempus.",438,00:00.0,00:00.0,56,Stormi,Kleinbaum,skleinbaum2d@facebook.com
Curabitur in libero ut massa volutpat convallis.,164,00:00.0,00:00.0,56,Alexandrina,Gunner,agunnerdv@virginia.edu
"Morbi vel lectus in quam fringilla rhoncus. Mauris enim leo, rhoncus sed, vestibulum sit amet, cursus id, turpis. Integer aliquet, massa id lobortis convallis, tortor risus dapibus augue, vel accumsan tellus nisi eu orci. Mauris lacinia sapien quis libero.",178,00:00.0,00:00.0,56,Zeb,Gorini,zgoriniqp@mayoclinic.com
Mauris lacinia sapien quis libero. Nullam sit amet turpis elementum ligula vehicula consequat. Morbi a ipsum. Integer a nibh. In quis justo.,253,00:00.0,00:00.0,55,Terry,Stock,tstockr7@intel.com
"Vivamus vel nulla eget eros elementum pellentesque. Quisque porta volutpat erat. Quisque erat eros, viverra eget, congue eget, semper rutrum, nulla.",90,00:00.0,00:00.0,55,Amii,Sidwell,asidwellqv@amazonaws.com
Nulla ut erat id mauris vulputate elementum.,415,00:00.0,00:00.0,55,Skipper,Brough,sbrougheu@rambler.ru
"In sagittis dui vel nisl. Duis ac nibh. Fusce lacus purus, aliquet at, feugiat non, pretium quis, lectus. Suspendisse potenti. In eleifend quam a odio.",678,00:00.0,00:00.0,55,Horton,Whiteside,hwhiteside4t@bravesites.com
"Maecenas tristique, est et tempus semper, est quam pharetra magna, ac consequat metus sapien ut nunc. Vestibulum ante ipsum primis in faucibus orci luctus et ultrices posuere cubilia Curae; Mauris viverra diam vitae quam.",113,00:00.0,00:00.0,55,Wolf,Hathaway,whathaway1z@example.com
"Morbi sem mauris, laoreet ut, rhoncus aliquet, pulvinar sed, nisl. Nunc rhoncus dui vel sem. Sed sagittis.",791,00:00.0,00:00.0,55,Lorianna,Goodswen,lgoodswen1n@census.gov
Quisque porta volutpat erat.,85,00:00.0,00:00.0,55,Kippie,Titherington,ktitherington3x@sina.com.cn
"Fusce lacus purus, aliquet at, feugiat non, pretium quis, lectus. Suspendisse potenti.",452,00:00.0,00:00.0,55,Alphonso,Storrier,astorrier15@illinois.edu
Sed sagittis.,578,00:00.0,00:00.0,55,Sybille,Bubbear,sbubbearjr@unblog.fr
"Duis aliquam convallis nunc. Proin at turpis a pede posuere nonummy. Integer non velit. Donec diam neque, vestibulum eget, vulputate ut, ultrices vel, augue. Vestibulum ante ipsum primis in faucibus orci luctus et ultrices posuere cubilia Curae; Donec pharetra, magna vestibulum aliquet ultrices, erat tortor sollicitudin mi, sit amet lobortis sapien sapien non mi.",671,00:00.0,00:00.0,55,Danella,Colter,dcolter2o@intel.com
Vestibulum ante ipsum primis in faucibus orci luctus et ultrices posuere cubilia Curae; Duis faucibus accumsan odio. Curabitur convallis. Duis consequat dui nec nisi volutpat eleifend. Donec ut dolor. Morbi vel lectus in quam fringilla rhoncus.,259,00:00.0,00:00.0,54,Dacie,Peirazzi,dpeirazzi53@independent.co.uk
"Duis consequat dui nec nisi volutpat eleifend. Donec ut dolor. Morbi vel lectus in quam fringilla rhoncus. Mauris enim leo, rhoncus sed, vestibulum sit amet, cursus id, turpis.",708,00:00.0,00:00.0,54,Rowland,Niemiec,rniemiecnc@altervista.org
Etiam vel augue. Vestibulum rutrum rutrum neque. Aenean auctor gravida sem. Praesent id massa id nisl venenatis lacinia.,834,00:00.0,00:00.0,54,Ethelind,Woolrich,ewoolrichfd@histats.com
Vestibulum ante ipsum primis in faucibus orci luctus et ultrices posuere cubilia Curae; Mauris viverra diam vitae quam. Suspendisse potenti. Nullam porttitor lacus at turpis.,843,00:00.0,00:00.0,54,Lela,Atteridge,latteridgef5@webeden.co.uk
Nulla mollis molestie lorem. Quisque ut erat. Curabitur gravida nisi at nibh. In hac habitasse platea dictumst.,553,00:00.0,00:00.0,54,Randy,Bosse,rbossedj@addthis.com
"Proin at turpis a pede posuere nonummy. Integer non velit. Donec diam neque, vestibulum eget, vulputate ut, ultrices vel, augue.",962,00:00.0,00:00.0,54,Carver,Navarre,cnavarre1g@independent.co.uk
Suspendisse potenti. In eleifend quam a odio. In hac habitasse platea dictumst. Maecenas ut massa quis augue luctus tincidunt.,558,00:00.0,00:00.0,54,Fremont,Dancy,fdancyj2@surveymonkey.com
"Integer pede justo, lacinia eget, tincidunt eget, tempus vel, pede. Morbi porttitor lorem id ligula. Suspendisse ornare consequat lectus. In est risus, auctor sed, tristique in, tempus sit amet, sem.",654,00:00.0,00:00.0,54,Emmet,Foort,efoortok@123-reg.co.uk
"Duis bibendum, felis sed interdum venenatis, turpis enim blandit mi, in porttitor pede justo eu massa. Donec dapibus.",392,00:00.0,00:00.0,54,Alessandra,Bigly,abiglyn9@prweb.com
"Vivamus metus arcu, adipiscing molestie, hendrerit at, vulputate vitae, nisl. Aenean lectus.",533,00:00.0,00:00.0,53,Peg,Bosworth,pbosworth69@t-online.de
Integer a nibh. In quis justo.,92,00:00.0,00:00.0,53,Mitchell,Danick,mdanick1u@digg.com
"Sed sagittis. Nam congue, risus semper porta volutpat, quam pede lobortis ligula, sit amet eleifend pede libero quis orci.",390,00:00.0,00:00.0,53,Ardisj,Van Bruggen,avanbruggend4@ft.com
"Donec vitae nisi. Nam ultrices, libero non mattis pulvinar, nulla pede ullamcorper augue, a suscipit nulla elit ac nulla. Sed vel enim sit amet nunc viverra dapibus. Nulla suscipit ligula in lacus. Curabitur at ipsum ac tellus semper interdum.",674,00:00.0,00:00.0,53,Sacha,Bahlmann,sbahlmannhy@bloglines.com
"In blandit ultrices enim. Lorem ipsum dolor sit amet, consectetuer adipiscing elit. Proin interdum mauris non ligula pellentesque ultrices. Phasellus id sapien in sapien iaculis congue. Vivamus metus arcu, adipiscing molestie, hendrerit at, vulputate vitae, nisl.",859,00:00.0,00:00.0,53,Felix,Spurrior,fspurriordr@usgs.gov
"Vivamus vestibulum sagittis sapien. Cum sociis natoque penatibus et magnis dis parturient montes, nascetur ridiculus mus. Etiam vel augue. Vestibulum rutrum rutrum neque.",371,00:00.0,00:00.0,53,Frans,Aristide,faristidel7@youku.com
Proin eu mi.,709,00:00.0,00:00.0,53,Byron,Sterman,bstermanqt@nsw.gov.au
"Cum sociis natoque penatibus et magnis dis parturient montes, nascetur ridiculus mus. Etiam vel augue. Vestibulum rutrum rutrum neque. Aenean auctor gravida sem.",847,00:00.0,00:00.0,52,Marilin,Dyster,mdyster80@msu.edu
"Proin risus. Praesent lectus. Vestibulum quam sapien, varius ut, blandit non, interdum in, ante. Vestibulum ante ipsum primis in faucibus orci luctus et ultrices posuere cubilia Curae; Duis faucibus accumsan odio.",946,00:00.0,00:00.0,52,Kally,MacArdle,kmacardle86@multiply.com
Sed sagittis.,472,00:00.0,00:00.0,52,Inesita,Baff,ibaffq1@kickstarter.com
"Nullam orci pede, venenatis non, sodales sed, tincidunt eu, felis. Fusce posuere felis sed lacus.",857,00:00.0,00:00.0,51,Lenette,Conre,lconre61@instagram.com
Proin eu mi.,977,00:00.0,00:00.0,51,Siward,Speedy,sspeedy6p@alexa.com
"Donec ut mauris eget massa tempor convallis. Nulla neque libero, convallis eget, eleifend luctus, ultricies eu, nibh. Quisque id justo sit amet sapien dignissim vestibulum.",73,00:00.0,00:00.0,51,Jeralee,Curran,jcurran97@t.co
"Morbi vestibulum, velit id pretium iaculis, diam erat fermentum justo, nec condimentum neque sapien placerat ante. Nulla justo.",337,00:00.0,00:00.0,51,Vina,Pulster,vpulster5u@apache.org
Sed accumsan felis. Ut at dolor quis odio consequat varius. Integer ac leo.,525,00:00.0,00:00.0,51,Shelton,Ellar,sellarla@baidu.com
"Vestibulum quam sapien, varius ut, blandit non, interdum in, ante. Vestibulum ante ipsum primis in faucibus orci luctus et ultrices posuere cubilia Curae; Duis faucibus accumsan odio. Curabitur convallis. Duis consequat dui nec nisi volutpat eleifend. Donec ut dolor.",818,00:00.0,00:00.0,51,Nickolai,Hallagan,nhallagan9p@youtube.com
Vivamus tortor. Duis mattis egestas metus. Aenean fermentum. Donec ut mauris eget massa tempor convallis.,341,00:00.0,00:00.0,51,Roy,Sommersett,rsommersettb4@digg.com
"Vivamus tortor. Duis mattis egestas metus. Aenean fermentum. Donec ut mauris eget massa tempor convallis. Nulla neque libero, convallis eget, eleifend luctus, ultricies eu, nibh.",677,00:00.0,00:00.0,51,Hagan,Spavon,hspavon4l@jalbum.net
"Nam nulla. Integer pede justo, lacinia eget, tincidunt eget, tempus vel, pede. Morbi porttitor lorem id ligula. Suspendisse ornare consequat lectus.",168,00:00.0,00:00.0,51,Ervin,Francisco,efranciscoo@usa.gov
Vestibulum ante ipsum primis in faucibus orci luctus et ultrices posuere cubilia Curae; Nulla dapibus dolor vel est.,661,00:00.0,00:00.0,51,Crichton,Magovern,cmagovernic@storify.com
In congue. Etiam justo. Etiam pretium iaculis justo.,332,00:00.0,00:00.0,51,Danella,Colter,dcolter2o@intel.com
Curabitur convallis. Duis consequat dui nec nisi volutpat eleifend. Donec ut dolor.,894,00:00.0,00:00.0,51,Gifford,Brettelle,gbrettelleqg@bandcamp.com
Aliquam quis turpis eget elit sodales scelerisque.,359,00:00.0,00:00.0,51,Sherrie,Giacopazzi,sgiacopazzil5@zdnet.com
"Vivamus metus arcu, adipiscing molestie, hendrerit at, vulputate vitae, nisl.",160,00:00.0,00:00.0,50,Larissa,Gateley,lgateley1a@imageshack.us
"Lorem ipsum dolor sit amet, consectetuer adipiscing elit. Proin interdum mauris non ligula pellentesque ultrices. Phasellus id sapien in sapien iaculis congue. Vivamus metus arcu, adipiscing molestie, hendrerit at, vulputate vitae, nisl.",261,00:00.0,00:00.0,50,Sherrie,Giacopazzi,sgiacopazzil5@zdnet.com
Integer ac neque. Duis bibendum. Morbi non quam nec dui luctus rutrum. Nulla tellus. In sagittis dui vel nisl.,889,00:00.0,00:00.0,50,Kylynn,Lyver,klyverqi@zimbio.com
Suspendisse potenti.,922,00:00.0,00:00.0,50,Sherrie,Giacopazzi,sgiacopazzil5@zdnet.com
Duis ac nibh.,126,00:00.0,00:00.0,50,Stephenie,Klyner,sklynerbi@hc360.com
"In est risus, auctor sed, tristique in, tempus sit amet, sem. Fusce consequat.",521,00:00.0,00:00.0,50,Wenona,Rapley,wrapleyri@hatena.ne.jp
Nam dui.,528,00:00.0,00:00.0,50,Eleonore,Pierrepoint,epierrepointho@springer.com
Praesent blandit lacinia erat. Vestibulum sed magna at nunc commodo placerat. Praesent blandit.,755,00:00.0,00:00.0,50,Lyda,Delamaine,ldelamaineen@prlog.org
Sed accumsan felis.,195,00:00.0,00:00.0,50,Forrest,Hare,fhareje@prnewswire.com
Aliquam quis turpis eget elit sodales scelerisque. Mauris sit amet eros.,937,00:00.0,00:00.0,50,Antonina,Burwin,aburwinal@cpanel.net
Pellentesque viverra pede ac diam. Cras pellentesque volutpat dui.,532,00:00.0,00:00.0,49,Minerva,Measen,mmeasen36@wikipedia.org
Morbi vel lectus in quam fringilla rhoncus.,651,00:00.0,00:00.0,49,Gwendolyn,Gartshore,ggartshorep9@topsy.com
Proin eu mi. Nulla ac enim.,105,00:00.0,00:00.0,49,Dalis,Aldred,daldredl6@homestead.com
Donec quis orci eget orci vehicula condimentum. Curabitur in libero ut massa volutpat convallis.,536,00:00.0,00:00.0,49,Amy,McKenney,amckenneyr9@bluehost.com
"Nam nulla. Integer pede justo, lacinia eget, tincidunt eget, tempus vel, pede. Morbi porttitor lorem id ligula. Suspendisse ornare consequat lectus.",176,00:00.0,00:00.0,49,Gwendolyn,Gartshore,ggartshorep9@topsy.com
Phasellus sit amet erat. Nulla tempus. Vivamus in felis eu sapien cursus vestibulum. Proin eu mi.,89,00:00.0,00:00.0,49,Agosto,Dury,aduryli@bing.com
Curabitur in libero ut massa volutpat convallis.,75,00:00.0,00:00.0,49,Bernadine,Duddle,bduddle21@google.co.uk
"Ut at dolor quis odio consequat varius. Integer ac leo. Pellentesque ultrices mattis odio. Donec vitae nisi. Nam ultrices, libero non mattis pulvinar, nulla pede ullamcorper augue, a suscipit nulla elit ac nulla.",503,00:00.0,00:00.0,49,Jacquenetta,Badrick,jbadrickq9@pen.io
"Fusce congue, diam id ornare imperdiet, sapien urna pretium nisl, ut volutpat sapien arcu sed augue. Aliquam erat volutpat.",316,00:00.0,00:00.0,48,Katha,Shave,kshavele@trellian.com
Nulla suscipit ligula in lacus. Curabitur at ipsum ac tellus semper interdum. Mauris ullamcorper purus sit amet nulla.,119,00:00.0,00:00.0,48,Angeline,Simper,asimperd9@wiley.com
Duis bibendum. Morbi non quam nec dui luctus rutrum.,929,00:00.0,00:00.0,48,Jaye,Sclater,jsclaterh6@e-recht24.de
Proin eu mi. Nulla ac enim.,619,00:00.0,00:00.0,48,Jaquenetta,Stenners,jstennersmb@4shared.com
"Nam nulla. Integer pede justo, lacinia eget, tincidunt eget, tempus vel, pede. Morbi porttitor lorem id ligula. Suspendisse ornare consequat lectus.",649,00:00.0,00:00.0,48,Diana,Boadby,dboadbyhe@sitemeter.com
"Morbi vestibulum, velit id pretium iaculis, diam erat fermentum justo, nec condimentum neque sapien placerat ante. Nulla justo.",485,00:00.0,00:00.0,48,Clarabelle,Nafzger,cnafzgerm5@bbb.org
"Lorem ipsum dolor sit amet, consectetuer adipiscing elit. Proin interdum mauris non ligula pellentesque ultrices.",968,00:00.0,00:00.0,48,Coralie,Le Grand,clegrand76@multiply.com
"Morbi quis tortor id nulla ultrices aliquet. Maecenas leo odio, condimentum id, luctus nec, molestie sed, justo. Pellentesque viverra pede ac diam. Cras pellentesque volutpat dui. Maecenas tristique, est et tempus semper, est quam pharetra magna, ac consequat metus sapien ut nunc.",293,00:00.0,00:00.0,48,Pollyanna,Lewins,plewins2a@moonfruit.com
Ut tellus. Nulla ut erat id mauris vulputate elementum.,497,00:00.0,00:00.0,48,Marlo,Pirri,mpirribp@dot.gov
Aliquam erat volutpat. In congue. Etiam justo. Etiam pretium iaculis justo. In hac habitasse platea dictumst.,566,00:00.0,00:00.0,48,Ashil,Gethouse,agethouse8p@ycombinator.com
Curabitur gravida nisi at nibh. In hac habitasse platea dictumst.,966,00:00.0,00:00.0,48,Lanae,Pirson,lpirsonr@timesonline.co.uk
"Praesent id massa id nisl venenatis lacinia. Aenean sit amet justo. Morbi ut odio. Cras mi pede, malesuada in, imperdiet et, commodo vulputate, justo.",892,00:00.0,00:00.0,47,Luce,Lettsom,llettsomjw@1und1.de
"Morbi vestibulum, velit id pretium iaculis, diam erat fermentum justo, nec condimentum neque sapien placerat ante.",739,00:00.0,00:00.0,47,Vally,Smewings,vsmewingshs@scientificamerican.com
"Cras pellentesque volutpat dui. Maecenas tristique, est et tempus semper, est quam pharetra magna, ac consequat metus sapien ut nunc. Vestibulum ante ipsum primis in faucibus orci luctus et ultrices posuere cubilia Curae; Mauris viverra diam vitae quam. Suspendisse potenti.",871,00:00.0,00:00.0,47,Marrilee,Gaspar,mgaspared@simplemachines.org
"Morbi quis tortor id nulla ultrices aliquet. Maecenas leo odio, condimentum id, luctus nec, molestie sed, justo. Pellentesque viverra pede ac diam.",30,00:00.0,00:00.0,46,Kerianne,Hairon,khairon2q@nifty.com
Suspendisse potenti. In eleifend quam a odio. In hac habitasse platea dictumst. Maecenas ut massa quis augue luctus tincidunt.,443,00:00.0,00:00.0,46,Shandee,Harbord,sharbord8c@ucoz.ru
In hac habitasse platea dictumst. Etiam faucibus cursus urna. Ut tellus. Nulla ut erat id mauris vulputate elementum. Nullam varius.,656,00:00.0,00:00.0,46,Claudio,Worman,cworman4e@fda.gov
"In est risus, auctor sed, tristique in, tempus sit amet, sem. Fusce consequat. Nulla nisl. Nunc nisl. Duis bibendum, felis sed interdum venenatis, turpis enim blandit mi, in porttitor pede justo eu massa.",206,00:00.0,00:00.0,46,Leonie,Dinsdale,ldinsdale2x@usa.gov
"Quisque porta volutpat erat. Quisque erat eros, viverra eget, congue eget, semper rutrum, nulla. Nunc purus.",315,00:00.0,00:00.0,45,Brewster,Vasyutkin,bvasyutkinop@ft.com
In hac habitasse platea dictumst.,14,00:00.0,00:00.0,45,Jobyna,Grayshon,jgrayshon85@seesaa.net
Vestibulum ante ipsum primis in faucibus orci luctus et ultrices posuere cubilia Curae; Nulla dapibus dolor vel est.,904,00:00.0,00:00.0,45,Ray,Fearne,rfearned1@posterous.com
Mauris lacinia sapien quis libero.,594,00:00.0,00:00.0,45,Wenona,Alkin,walkinqd@squarespace.com
"Donec ut dolor. Morbi vel lectus in quam fringilla rhoncus. Mauris enim leo, rhoncus sed, vestibulum sit amet, cursus id, turpis.",736,00:00.0,00:00.0,45,Gardner,Greatreax,ggreatreaxkr@comsenz.com
"Vestibulum quam sapien, varius ut, blandit non, interdum in, ante. Vestibulum ante ipsum primis in faucibus orci luctus et ultrices posuere cubilia Curae; Duis faucibus accumsan odio. Curabitur convallis. Duis consequat dui nec nisi volutpat eleifend. Donec ut dolor.",567,00:00.0,00:00.0,45,Hendrick,Ferruzzi,hferruzzihu@icq.com
"In est risus, auctor sed, tristique in, tempus sit amet, sem. Fusce consequat. Nulla nisl. Nunc nisl.",177,00:00.0,00:00.0,45,Hamil,Allabarton,hallabartonkq@unesco.org
Nunc rhoncus dui vel sem. Sed sagittis.,694,00:00.0,00:00.0,45,Emeline,Imorts,eimortsad@prlog.org
"Maecenas tristique, est et tempus semper, est quam pharetra magna, ac consequat metus sapien ut nunc. Vestibulum ante ipsum primis in faucibus orci luctus et ultrices posuere cubilia Curae; Mauris viverra diam vitae quam. Suspendisse potenti. Nullam porttitor lacus at turpis. Donec posuere metus vitae ipsum.",797,00:00.0,00:00.0,45,Debbi,Vannar,dvannarc8@nih.gov
Duis bibendum. Morbi non quam nec dui luctus rutrum. Nulla tellus. In sagittis dui vel nisl.,570,00:00.0,00:00.0,44,Garreth,Francioli,gfrancioliem@java.com
In hac habitasse platea dictumst.,951,00:00.0,00:00.0,44,Eva,Dummigan,edummigan1q@nbcnews.com
Vivamus vestibulum sagittis sapien.,795,00:00.0,00:00.0,44,Miguel,Bogges,mboggesju@tiny.cc
Morbi porttitor lorem id ligula. Suspendisse ornare consequat lectus.,20,00:00.0,00:00.0,44,Glennis,Bisson,gbissonbu@nature.com
Cras in purus eu magna vulputate luctus.,378,00:00.0,00:00.0,44,Tybie,Badby,tbadbypk@columbia.edu
"Nulla ac enim. In tempor, turpis nec euismod scelerisque, quam turpis adipiscing lorem, vitae mattis nibh ligula nec sem.",824,00:00.0,00:00.0,44,Harriet,Scard,hscardob@hatena.ne.jp
"Fusce congue, diam id ornare imperdiet, sapien urna pretium nisl, ut volutpat sapien arcu sed augue. Aliquam erat volutpat.",981,00:00.0,00:00.0,44,Harlan,Alloisi,halloisi42@fc2.com
Integer ac neque. Duis bibendum. Morbi non quam nec dui luctus rutrum.,313,00:00.0,00:00.0,44,Darin,Saban,dsaban4p@ezinearticles.com
Proin eu mi.,542,00:00.0,00:00.0,44,Kore,Amott,kamott2v@google.pl
Curabitur convallis. Duis consequat dui nec nisi volutpat eleifend. Donec ut dolor.,809,00:00.0,00:00.0,43,Stephenie,Shinn,sshinnmm@opensource.org
"In hac habitasse platea dictumst. Morbi vestibulum, velit id pretium iaculis, diam erat fermentum justo, nec condimentum neque sapien placerat ante. Nulla justo.",141,00:00.0,00:00.0,43,Noelyn,Grutchfield,ngrutchfieldek@google.ca
Praesent id massa id nisl venenatis lacinia. Aenean sit amet justo.,103,00:00.0,00:00.0,43,Daryl,Kale,dkaleqh@merriam-webster.com
"Morbi non lectus. Aliquam sit amet diam in magna bibendum imperdiet. Nullam orci pede, venenatis non, sodales sed, tincidunt eu, felis. Fusce posuere felis sed lacus. Morbi sem mauris, laoreet ut, rhoncus aliquet, pulvinar sed, nisl.",417,00:00.0,00:00.0,43,Giordano,Uzielli,guziellihx@reuters.com
"Morbi vel lectus in quam fringilla rhoncus. Mauris enim leo, rhoncus sed, vestibulum sit amet, cursus id, turpis. Integer aliquet, massa id lobortis convallis, tortor risus dapibus augue, vel accumsan tellus nisi eu orci. Mauris lacinia sapien quis libero.",234,00:00.0,00:00.0,43,Mattie,Purver,mpurverkc@toplist.cz
Donec dapibus. Duis at velit eu est congue elementum.,688,00:00.0,00:00.0,43,Allyn,Cammell,acammellp5@weebly.com
"Quisque erat eros, viverra eget, congue eget, semper rutrum, nulla. Nunc purus.",314,00:00.0,00:00.0,42,Viola,Griffithe,vgriffithenl@unesco.org
"Lorem ipsum dolor sit amet, consectetuer adipiscing elit. Proin risus. Praesent lectus. Vestibulum quam sapien, varius ut, blandit non, interdum in, ante. Vestibulum ante ipsum primis in faucibus orci luctus et ultrices posuere cubilia Curae; Duis faucibus accumsan odio.",934,00:00.0,00:00.0,42,Delila,Nowakowski,dnowakowskipa@hatena.ne.jp
Vestibulum rutrum rutrum neque. Aenean auctor gravida sem. Praesent id massa id nisl venenatis lacinia.,396,00:00.0,00:00.0,42,Tris,Franchioni,tfranchionim4@howstuffworks.com
Praesent id massa id nisl venenatis lacinia.,610,00:00.0,00:00.0,42,Kermy,Booij,kbooij5w@dell.com
Nulla suscipit ligula in lacus.,175,00:00.0,00:00.0,42,Maribelle,Draisey,mdraisey2n@ucla.edu
Aenean lectus.,380,00:00.0,00:00.0,42,Weidar,Pettinger,wpettingerbn@wsj.com
Pellentesque at nulla. Suspendisse potenti.,446,00:00.0,00:00.0,42,Maude,Ramel,mramelf2@qq.com
Aenean lectus. Pellentesque eget nunc. Donec quis orci eget orci vehicula condimentum. Curabitur in libero ut massa volutpat convallis.,410,00:00.0,00:00.0,41,Carin,Dauney,cdauneyqz@opera.com
Sed accumsan felis. Ut at dolor quis odio consequat varius. Integer ac leo. Pellentesque ultrices mattis odio.,152,00:00.0,00:00.0,41,Douglass,MacCartair,dmaccartairmx@webmd.com
"Proin interdum mauris non ligula pellentesque ultrices. Phasellus id sapien in sapien iaculis congue. Vivamus metus arcu, adipiscing molestie, hendrerit at, vulputate vitae, nisl. Aenean lectus. Pellentesque eget nunc.",457,00:00.0,00:00.0,41,Noelyn,Grutchfield,ngrutchfieldek@google.ca
Morbi non lectus.,815,00:00.0,00:00.0,41,Holden,Goodlett,hgoodlettk2@issuu.com
"Pellentesque ultrices mattis odio. Donec vitae nisi. Nam ultrices, libero non mattis pulvinar, nulla pede ullamcorper augue, a suscipit nulla elit ac nulla. Sed vel enim sit amet nunc viverra dapibus. Nulla suscipit ligula in lacus.",64,00:00.0,00:00.0,41,Orelee,McJerrow,omcjerrowa7@usatoday.com
"Vestibulum ante ipsum primis in faucibus orci luctus et ultrices posuere cubilia Curae; Nulla dapibus dolor vel est. Donec odio justo, sollicitudin ut, suscipit a, feugiat et, eros. Vestibulum ac est lacinia nisi venenatis tristique.",998,00:00.0,00:00.0,41,Shaina,Sleet,ssleet5v@chicagotribune.com
Maecenas pulvinar lobortis est.,399,00:00.0,00:00.0,41,Nissy,Higford,nhigfordp3@netvibes.com
Nulla tempus.,800,00:00.0,00:00.0,41,Natividad,Barnes,nbarnesk9@archive.org
In congue.,754,00:00.0,00:00.0,41,Emmeline,Freire,efreire2z@ucoz.com
"Nullam orci pede, venenatis non, sodales sed, tincidunt eu, felis.",22,00:00.0,00:00.0,41,Viola,Griffithe,vgriffithenl@unesco.org
"Morbi non quam nec dui luctus rutrum. Nulla tellus. In sagittis dui vel nisl. Duis ac nibh. Fusce lacus purus, aliquet at, feugiat non, pretium quis, lectus.",743,00:00.0,00:00.0,41,Torre,Bradmore,tbradmore9i@independent.co.uk
"Nam congue, risus semper porta volutpat, quam pede lobortis ligula, sit amet eleifend pede libero quis orci. Nullam molestie nibh in lectus.",289,00:00.0,00:00.0,41,Alexa,Villar,avillare3@nydailynews.com
Mauris lacinia sapien quis libero. Nullam sit amet turpis elementum ligula vehicula consequat. Morbi a ipsum. Integer a nibh. In quis justo.,207,00:00.0,00:00.0,41,Beth,Lodden,bloddenbg@bing.com
"Quisque ut erat. Curabitur gravida nisi at nibh. In hac habitasse platea dictumst. Aliquam augue quam, sollicitudin vitae, consectetuer eget, rutrum at, lorem. Integer tincidunt ante vel ipsum.",483,00:00.0,00:00.0,41,Yard,Epinoy,yepinoy9@jalbum.net
Vivamus tortor.,348,00:00.0,00:00.0,40,Saba,Reven,srevenl2@marriott.com
Sed accumsan felis.,173,00:00.0,00:00.0,40,Jesselyn,Werner,jwernerjl@miibeian.gov.cn
"Vestibulum ac est lacinia nisi venenatis tristique. Fusce congue, diam id ornare imperdiet, sapien urna pretium nisl, ut volutpat sapien arcu sed augue.",360,00:00.0,00:00.0,40,Cletis,Cowndley,ccowndley6a@free.fr
"Vestibulum ac est lacinia nisi venenatis tristique. Fusce congue, diam id ornare imperdiet, sapien urna pretium nisl, ut volutpat sapien arcu sed augue.",376,00:00.0,00:00.0,40,Earlie,Stidston,estidstonnu@hibu.com
"Morbi quis tortor id nulla ultrices aliquet. Maecenas leo odio, condimentum id, luctus nec, molestie sed, justo. Pellentesque viverra pede ac diam. Cras pellentesque volutpat dui. Maecenas tristique, est et tempus semper, est quam pharetra magna, ac consequat metus sapien ut nunc.",87,00:00.0,00:00.0,40,Martynne,Guerriero,mguerrierodl@cornell.edu
"Sed vel enim sit amet nunc viverra dapibus. Nulla suscipit ligula in lacus. Curabitur at ipsum ac tellus semper interdum. Mauris ullamcorper purus sit amet nulla. Quisque arcu libero, rutrum ac, lobortis vel, dapibus at, diam.",778,00:00.0,00:00.0,40,Dalt,Lunn,dlunno5@is.gd
"Sed sagittis. Nam congue, risus semper porta volutpat, quam pede lobortis ligula, sit amet eleifend pede libero quis orci. Nullam molestie nibh in lectus. Pellentesque at nulla. Suspendisse potenti.",646,00:00.0,00:00.0,40,Harriet,Scard,hscardob@hatena.ne.jp
Vivamus tortor. Duis mattis egestas metus. Aenean fermentum. Donec ut mauris eget massa tempor convallis.,107,00:00.0,00:00.0,40,Neilla,Faherty,nfahertyet@skyrock.com
"Duis ac nibh. Fusce lacus purus, aliquet at, feugiat non, pretium quis, lectus. Suspendisse potenti. In eleifend quam a odio.",142,00:00.0,00:00.0,39,Justen,Ashmore,jashmorecm@state.gov
"Morbi vestibulum, velit id pretium iaculis, diam erat fermentum justo, nec condimentum neque sapien placerat ante. Nulla justo.",401,00:00.0,00:00.0,39,Pernell,Eger,pegerb5@time.com
"Vivamus vel nulla eget eros elementum pellentesque. Quisque porta volutpat erat. Quisque erat eros, viverra eget, congue eget, semper rutrum, nulla. Nunc purus.",294,00:00.0,00:00.0,39,Gerri,Higgonet,ghiggonet3b@ed.gov
"Maecenas tristique, est et tempus semper, est quam pharetra magna, ac consequat metus sapien ut nunc. Vestibulum ante ipsum primis in faucibus orci luctus et ultrices posuere cubilia Curae; Mauris viverra diam vitae quam. Suspendisse potenti. Nullam porttitor lacus at turpis. Donec posuere metus vitae ipsum.",573,00:00.0,00:00.0,39,Eimile,Lobe,elobenf@accuweather.com
Aliquam quis turpis eget elit sodales scelerisque. Mauris sit amet eros. Suspendisse accumsan tortor quis turpis. Sed ante.,702,00:00.0,00:00.0,39,Berthe,Flintoffe,bflintoffee@google.co.jp
"Phasellus id sapien in sapien iaculis congue. Vivamus metus arcu, adipiscing molestie, hendrerit at, vulputate vitae, nisl. Aenean lectus.",200,00:00.0,00:00.0,39,Any,Ferre,aferre9d@g.co
Phasellus sit amet erat. Nulla tempus.,435,00:00.0,00:00.0,39,Gail,Vanyukhin,gvanyukhinpx@addthis.com
"Vivamus vestibulum sagittis sapien. Cum sociis natoque penatibus et magnis dis parturient montes, nascetur ridiculus mus. Etiam vel augue. Vestibulum rutrum rutrum neque. Aenean auctor gravida sem.",117,00:00.0,00:00.0,39,Coop,Phelit,cphelitmc@illinois.edu
"Morbi odio odio, elementum eu, interdum eu, tincidunt in, leo.",827,00:00.0,00:00.0,39,Angela,De Clairmont,adeclairmont25@shinystat.com
Duis consequat dui nec nisi volutpat eleifend.,233,00:00.0,00:00.0,39,Freddie,MacCaughen,fmaccaughen5m@ning.com
Phasellus sit amet erat. Nulla tempus. Vivamus in felis eu sapien cursus vestibulum. Proin eu mi.,831,00:00.0,00:00.0,39,Gifford,Brettelle,gbrettelleqg@bandcamp.com
Morbi non quam nec dui luctus rutrum.,223,00:00.0,00:00.0,39,Flora,Saffran,fsaffran66@tuttocitta.it
Sed ante. Vivamus tortor. Duis mattis egestas metus. Aenean fermentum. Donec ut mauris eget massa tempor convallis.,397,00:00.0,00:00.0,39,Sacha,Bahlmann,sbahlmannhy@bloglines.com
"Aliquam non mauris. Morbi non lectus. Aliquam sit amet diam in magna bibendum imperdiet. Nullam orci pede, venenatis non, sodales sed, tincidunt eu, felis. Fusce posuere felis sed lacus.",331,00:00.0,00:00.0,38,Diana,Dowbakin,ddowbakinq0@telegraph.co.uk
In hac habitasse platea dictumst.,277,00:00.0,00:00.0,38,Richard,Leathart,rleathartmy@e-recht24.de
"Nullam orci pede, venenatis non, sodales sed, tincidunt eu, felis. Fusce posuere felis sed lacus. Morbi sem mauris, laoreet ut, rhoncus aliquet, pulvinar sed, nisl. Nunc rhoncus dui vel sem.",411,00:00.0,00:00.0,38,Annis,Han,ahanqs@dot.gov
"Cras pellentesque volutpat dui. Maecenas tristique, est et tempus semper, est quam pharetra magna, ac consequat metus sapien ut nunc.",612,00:00.0,00:00.0,38,Sheena,Ollivierre,sollivierrex@fotki.com
"Donec diam neque, vestibulum eget, vulputate ut, ultrices vel, augue.",151,00:00.0,00:00.0,38,Gerrilee,Sarfas,gsarfasmi@pinterest.com
In congue. Etiam justo. Etiam pretium iaculis justo.,717,00:00.0,00:00.0,38,Clementius,Campkin,ccampkinqc@newsvine.com
Suspendisse ornare consequat lectus.,219,00:00.0,00:00.0,38,Tasia,Bucky,tbuckyck@blogtalkradio.com
Nulla suscipit ligula in lacus. Curabitur at ipsum ac tellus semper interdum. Mauris ullamcorper purus sit amet nulla.,379,00:00.0,00:00.0,38,Wandis,Stockwell,wstockwell72@geocities.com
"Duis at velit eu est congue elementum. In hac habitasse platea dictumst. Morbi vestibulum, velit id pretium iaculis, diam erat fermentum justo, nec condimentum neque sapien placerat ante.",898,00:00.0,00:00.0,38,Felic,Stansbury,fstansburym@photobucket.com
"Aliquam augue quam, sollicitudin vitae, consectetuer eget, rutrum at, lorem. Integer tincidunt ante vel ipsum. Praesent blandit lacinia erat. Vestibulum sed magna at nunc commodo placerat. Praesent blandit.",434,00:00.0,00:00.0,38,Curcio,Pittem,cpittemhb@wiley.com
Sed accumsan felis. Ut at dolor quis odio consequat varius. Integer ac leo. Pellentesque ultrices mattis odio. Donec vitae nisi.,502,00:00.0,00:00.0,37,Athene,Bushrod,abushrodjn@constantcontact.com
Curabitur convallis. Duis consequat dui nec nisi volutpat eleifend. Donec ut dolor. Morbi vel lectus in quam fringilla rhoncus.,999,00:00.0,00:00.0,37,Toni,Burbidge,tburbidge8s@meetup.com
"Fusce congue, diam id ornare imperdiet, sapien urna pretium nisl, ut volutpat sapien arcu sed augue. Aliquam erat volutpat. In congue.",281,00:00.0,00:00.0,37,Irwinn,Gerhts,igerhtsly@google.nl
Donec dapibus. Duis at velit eu est congue elementum.,625,00:00.0,00:00.0,37,Edeline,Aimeric,eaimericgv@gnu.org
"Integer pede justo, lacinia eget, tincidunt eget, tempus vel, pede. Morbi porttitor lorem id ligula.",2,00:00.0,00:00.0,36,Bail,Ilyunin,bilyuninij@etsy.com
Sed ante. Vivamus tortor.,963,00:00.0,00:00.0,36,Lucian,Silbert,lsilbertc2@instagram.com
"Nunc nisl. Duis bibendum, felis sed interdum venenatis, turpis enim blandit mi, in porttitor pede justo eu massa.",183,00:00.0,00:00.0,36,Cale,Manuely,cmanuelyeo@histats.com
"Vivamus vestibulum sagittis sapien. Cum sociis natoque penatibus et magnis dis parturient montes, nascetur ridiculus mus. Etiam vel augue. Vestibulum rutrum rutrum neque. Aenean auctor gravida sem.",526,00:00.0,00:00.0,36,Ansell,Svanini,asvaninikf@geocities.com
Duis bibendum. Morbi non quam nec dui luctus rutrum. Nulla tellus. In sagittis dui vel nisl.,766,00:00.0,00:00.0,36,Berget,Comben,bcombenm8@plala.or.jp
Curabitur convallis. Duis consequat dui nec nisi volutpat eleifend. Donec ut dolor.,974,00:00.0,00:00.0,36,Pepi,Stoddard,pstoddard2b@diigo.com
Nam dui.,44,00:00.0,00:00.0,36,Allene,Stainton,astaintonp2@wufoo.com
"Nulla tellus. In sagittis dui vel nisl. Duis ac nibh. Fusce lacus purus, aliquet at, feugiat non, pretium quis, lectus.",328,00:00.0,00:00.0,36,Pooh,Dugan,pduganpu@virginia.edu
Vestibulum ante ipsum primis in faucibus orci luctus et ultrices posuere cubilia Curae; Nulla dapibus dolor vel est.,555,00:00.0,00:00.0,35,Any,Ferre,aferre9d@g.co
"In blandit ultrices enim. Lorem ipsum dolor sit amet, consectetuer adipiscing elit. Proin interdum mauris non ligula pellentesque ultrices. Phasellus id sapien in sapien iaculis congue. Vivamus metus arcu, adipiscing molestie, hendrerit at, vulputate vitae, nisl.",853,00:00.0,00:00.0,35,Lela,Atteridge,latteridgef5@webeden.co.uk
"Maecenas leo odio, condimentum id, luctus nec, molestie sed, justo. Pellentesque viverra pede ac diam. Cras pellentesque volutpat dui.",194,00:00.0,00:00.0,35,Tris,Franchioni,tfranchionim4@howstuffworks.com
"Curabitur at ipsum ac tellus semper interdum. Mauris ullamcorper purus sit amet nulla. Quisque arcu libero, rutrum ac, lobortis vel, dapibus at, diam. Nam tristique tortor eu pede.",872,00:00.0,00:00.0,35,Ebenezer,Clear,eclear7g@youtu.be
"Integer aliquet, massa id lobortis convallis, tortor risus dapibus augue, vel accumsan tellus nisi eu orci.",63,00:00.0,00:00.0,35,Simon,Jaycock,sjaycock7t@baidu.com
"Donec vitae nisi. Nam ultrices, libero non mattis pulvinar, nulla pede ullamcorper augue, a suscipit nulla elit ac nulla. Sed vel enim sit amet nunc viverra dapibus.",454,00:00.0,00:00.0,35,Bryan,Burnsall,bburnsallcl@behance.net
Nulla ut erat id mauris vulputate elementum. Nullam varius. Nulla facilisi.,673,00:00.0,00:00.0,34,Zitella,Le Franc,zlefranchh@princeton.edu
Curabitur gravida nisi at nibh. In hac habitasse platea dictumst.,217,00:00.0,00:00.0,34,Mora,Goldthorp,mgoldthorpbq@bbc.co.uk
Cras in purus eu magna vulputate luctus.,323,00:00.0,00:00.0,34,Kori,Bould,kbould1f@admin.ch
"Morbi vel lectus in quam fringilla rhoncus. Mauris enim leo, rhoncus sed, vestibulum sit amet, cursus id, turpis. Integer aliquet, massa id lobortis convallis, tortor risus dapibus augue, vel accumsan tellus nisi eu orci. Mauris lacinia sapien quis libero. Nullam sit amet turpis elementum ligula vehicula consequat.",716,00:00.0,00:00.0,34,Hanna,Bertelet,hberteleti8@europa.eu
Morbi a ipsum. Integer a nibh. In quis justo. Maecenas rhoncus aliquam lacus.,840,00:00.0,00:00.0,34,Farris,Raspel,fraspel7p@geocities.com
Nullam sit amet turpis elementum ligula vehicula consequat. Morbi a ipsum.,506,00:00.0,00:00.0,34,Carlos,Barford,cbarfordbv@surveymonkey.com
Sed ante. Vivamus tortor. Duis mattis egestas metus. Aenean fermentum. Donec ut mauris eget massa tempor convallis.,679,00:00.0,00:00.0,34,Torre,Bradmore,tbradmore9i@independent.co.uk
Curabitur convallis. Duis consequat dui nec nisi volutpat eleifend. Donec ut dolor.,577,00:00.0,00:00.0,34,Derward,Anglim,danglimra@list-manage.com
Phasellus sit amet erat. Nulla tempus.,149,00:00.0,00:00.0,34,Angela,De Clairmont,adeclairmont25@shinystat.com
Ut at dolor quis odio consequat varius.,191,00:00.0,00:00.0,34,Cozmo,Hornbuckle,chornbuckleit@ow.ly
"Vestibulum ante ipsum primis in faucibus orci luctus et ultrices posuere cubilia Curae; Donec pharetra, magna vestibulum aliquet ultrices, erat tortor sollicitudin mi, sit amet lobortis sapien sapien non mi.",765,00:00.0,00:00.0,34,Gherardo,St. Quentin,gstquentin59@1und1.de
"Aliquam augue quam, sollicitudin vitae, consectetuer eget, rutrum at, lorem. Integer tincidunt ante vel ipsum. Praesent blandit lacinia erat. Vestibulum sed magna at nunc commodo placerat. Praesent blandit.",574,00:00.0,00:00.0,34,Burnard,Ingarfield,bingarfield5q@wikimedia.org
Pellentesque at nulla.,39,00:00.0,00:00.0,34,Miguel,Dunstall,mdunstallmp@foxnews.com
"Donec odio justo, sollicitudin ut, suscipit a, feugiat et, eros. Vestibulum ac est lacinia nisi venenatis tristique.",751,00:00.0,00:00.0,33,Corrine,Franschini,cfranschinils@trellian.com
Nulla justo. Aliquam quis turpis eget elit sodales scelerisque.,121,00:00.0,00:00.0,33,Derward,Anglim,danglimra@list-manage.com
Etiam justo.,42,00:00.0,00:00.0,33,Charmane,Kroin,ckroini0@prweb.com
"In hac habitasse platea dictumst. Aliquam augue quam, sollicitudin vitae, consectetuer eget, rutrum at, lorem. Integer tincidunt ante vel ipsum. Praesent blandit lacinia erat. Vestibulum sed magna at nunc commodo placerat.",707,00:00.0,00:00.0,33,Haleigh,Gremane,hgremanej@bloglines.com
Nulla tellus. In sagittis dui vel nisl. Duis ac nibh.,530,00:00.0,00:00.0,33,Drusie,Gronous,dgronous44@tamu.edu
"Nam nulla. Integer pede justo, lacinia eget, tincidunt eget, tempus vel, pede.",816,00:00.0,00:00.0,32,Pall,Joska,pjoskagy@lycos.com
"Suspendisse ornare consequat lectus. In est risus, auctor sed, tristique in, tempus sit amet, sem. Fusce consequat.",429,00:00.0,00:00.0,32,El,McNeil,emcneilh0@mashable.com
"Morbi porttitor lorem id ligula. Suspendisse ornare consequat lectus. In est risus, auctor sed, tristique in, tempus sit amet, sem. Fusce consequat. Nulla nisl.",744,00:00.0,00:00.0,32,Derek,Bartozzi,dbartozzi20@businessweek.com
"Fusce lacus purus, aliquet at, feugiat non, pretium quis, lectus. Suspendisse potenti.",147,00:00.0,00:00.0,32,Jania,McGriffin,jmcgriffinbo@engadget.com
Nulla justo. Aliquam quis turpis eget elit sodales scelerisque. Mauris sit amet eros. Suspendisse accumsan tortor quis turpis.,982,00:00.0,00:00.0,32,Lyman,Kettlesing,lkettlesinge5@mashable.com
"Nulla tellus. In sagittis dui vel nisl. Duis ac nibh. Fusce lacus purus, aliquet at, feugiat non, pretium quis, lectus.",481,00:00.0,00:00.0,32,Albina,Weeke,aweekejo@rakuten.co.jp
"Vivamus tortor. Duis mattis egestas metus. Aenean fermentum. Donec ut mauris eget massa tempor convallis. Nulla neque libero, convallis eget, eleifend luctus, ultricies eu, nibh.",718,00:00.0,00:00.0,32,Stephenie,Shinn,sshinnmm@opensource.org
Proin eu mi.,349,00:00.0,00:00.0,31,Callida,Sawart,csawart6r@oracle.com
